surface,kind,location,route,current_title,content_purpose,target_user,accurate,duplicated,outdated,too_detailed,unclear,needed_in_current_workflow,belongs_in,recommended_action,source_words,source_lines,dialog_markers,tooltip_markers,notification_markers,empty_state_markers,loading_state_markers,claim_markers
website,route,apps/website/app/agents/page.tsx,/agents,Page,Primary content for Page,Prospective and evaluating customers,Unverified,See duplicate-content.csv,Possible,Review,Review in context,Not workflow-bound,website,REQUIRES PRODUCT CONFIRMATION,411,112,0,0,0,0,0,4
website,route,apps/website/app/compare/page.tsx,/compare,Page,Primary content for Page,Prospective and evaluating customers,Verify during page review,See duplicate-content.csv,Verify during page review,Review,Review in context,Not workflow-bound,website,KEEP AND IMPROVE,388,106,0,0,0,0,0,1
website,route,apps/website/app/connectors/page.tsx,/connectors,Page,Primary content for Page,Prospective and evaluating customers,Verify during page review,See duplicate-content.csv,Verify during page review,Review,Review in context,Not workflow-bound,website,KEEP AND IMPROVE,180,49,0,0,0,0,0,7
website,route,apps/website/app/integrations/page.tsx,/integrations,Page,Primary content for Page,Prospective and evaluating customers,Verify during page review,See duplicate-content.csv,Verify during page review,Review,Review in context,Not workflow-bound,website,KEEP AND IMPROVE,370,120,0,0,0,0,0,0
website,layout,apps/website/app/layout.tsx,/,Layout,"Shared navigation, metadata, or layout content",Prospective and evaluating customers,Verify during page review,See duplicate-content.csv,Verify during page review,Review,Review in context,Not workflow-bound,website,KEEP AND IMPROVE,258,100,0,0,0,0,0,0
website,component,apps/website/app/legal/legal-client.tsx,,Legal Client,Reusable content for Legal Client,Prospective and evaluating customers,Verify during page review,See duplicate-content.csv,Verify during page review,Review,Review in context,Not workflow-bound,website,KEEP AND IMPROVE,181,65,0,0,0,0,0,0
website,route,apps/website/app/legal/page.tsx,/legal,Page,Primary content for Page,Prospective and evaluating customers,Verify during page review,See duplicate-content.csv,Verify during page review,Review,Review in context,Not workflow-bound,website,KEEP AND IMPROVE,50,16,0,0,0,0,0,0
website,route,apps/website/app/page.tsx,/,Page,Primary content for Page,Prospective and evaluating customers,Verify during page review,See duplicate-content.csv,Verify during page review,Review,Review in context,Not workflow-bound,website,KEEP AND IMPROVE,21,10,0,0,0,0,0,0
website,route,apps/website/app/pricing/page.tsx,/pricing,Page,Primary content for Page,Prospective and evaluating customers,Verify during page review,See duplicate-content.csv,Verify during page review,Review,Review in context,Not workflow-bound,website,KEEP AND IMPROVE,55,16,0,0,0,0,0,0
website,component,apps/website/app/pricing/pricing-client.tsx,,"Simple, transparent pricing","Reusable content for Simple, transparent pricing",Prospective and evaluating customers,Verify during page review,See duplicate-content.csv,Verify during page review,Review,Review in context,Not workflow-bound,website,KEEP AND IMPROVE,974,345,0,0,0,0,0,3
website,route,apps/website/app/privacy/page.tsx,/privacy,Page,Primary content for Page,Prospective and evaluating customers,Verify during page review,See duplicate-content.csv,Verify during page review,Review,Review in context,Not workflow-bound,website,KEEP AND IMPROVE,46,16,0,0,0,0,0,0
website,component,apps/website/app/privacy/privacy-client.tsx,,Privacy Client,Reusable content for Privacy Client,Prospective and evaluating customers,Verify during page review,See duplicate-content.csv,Verify during page review,Review,Review in context,Not workflow-bound,website,KEEP AND IMPROVE,596,153,0,0,0,0,0,0
website,route,apps/website/app/subprocessors/page.tsx,/subprocessors,Page,Primary content for Page,Prospective and evaluating customers,Verify during page review,See duplicate-content.csv,Verify during page review,Review,Review in context,Not workflow-bound,website,KEEP AND IMPROVE,47,16,0,0,0,0,0,0
website,component,apps/website/app/subprocessors/subprocessors-client.tsx,,Subprocessors Client,Reusable content for Subprocessors Client,Prospective and evaluating customers,Verify during page review,See duplicate-content.csv,Verify during page review,Review,Review in context,Not workflow-bound,website,KEEP AND IMPROVE,473,164,0,0,0,0,0,0
website,route,apps/website/app/terms/page.tsx,/terms,Page,Primary content for Page,Prospective and evaluating customers,Verify during page review,See duplicate-content.csv,Verify during page review,Review,Review in context,Not workflow-bound,website,KEEP AND IMPROVE,46,15,0,0,0,0,0,0
website,component,apps/website/app/terms/terms-client.tsx,,Terms Client,Reusable content for Terms Client,Prospective and evaluating customers,Verify during page review,See duplicate-content.csv,Verify during page review,Review,Review in context,Not workflow-bound,website,KEEP AND IMPROVE,668,144,0,0,0,0,0,0
website,component,apps/website/components/animated-noise.tsx,,Animated Noise,Reusable content for Animated Noise,Prospective and evaluating customers,Verify during page review,See duplicate-content.csv,Verify during page review,Review,Review in context,Not workflow-bound,website,KEEP AND IMPROVE,205,81,0,0,0,0,0,0
website,component,apps/website/components/bitmap-chevron.tsx,,Bitmap Chevron,Reusable content for Bitmap Chevron,Prospective and evaluating customers,Verify during page review,See duplicate-content.csv,Verify during page review,Review,Review in context,Not workflow-bound,website,KEEP AND IMPROVE,39,20,0,0,0,0,0,0
website,component,apps/website/components/colophon-section.tsx,,Colophon Section,Reusable content for Colophon Section,Prospective and evaluating customers,Verify during page review,See duplicate-content.csv,Verify during page review,Review,Review in context,Not workflow-bound,website,KEEP AND IMPROVE,8,2,0,0,0,0,0,0
website,component,apps/website/components/commit-graph.tsx,,Commit Graph,Reusable content for Commit Graph,Prospective and evaluating customers,Verify during page review,See duplicate-content.csv,Verify during page review,Likely,Review in context,Not workflow-bound,website,KEEP AND IMPROVE,1819,646,0,0,0,0,0,0
website,component,apps/website/components/core-features-section.tsx,,Core Features Section,Reusable content for Core Features Section,Prospective and evaluating customers,Verify during page review,See duplicate-content.csv,Verify during page review,Review,Review in context,Not workflow-bound,website,KEEP AND IMPROVE,133,52,0,0,0,0,0,0
website,component,apps/website/components/cta-section.tsx,,Cta Section,Reusable content for Cta Section,Prospective and evaluating customers,Verify during page review,See duplicate-content.csv,Verify during page review,Review,Review in context,Not workflow-bound,website,KEEP AND IMPROVE,464,147,0,0,0,0,0,0
website,component,apps/website/components/draw-text.tsx,,))},Reusable content for ))},Prospective and evaluating customers,Verify during page review,See duplicate-content.csv,Verify during page review,Review,Review in context,Not workflow-bound,website,KEEP AND IMPROVE,377,154,0,0,0,0,0,0
website,component,apps/website/components/features-accordion-section.tsx,,Features Accordion Section,Reusable content for Features Accordion Section,Prospective and evaluating customers,Verify during page review,See duplicate-content.csv,Verify during page review,Review,Review in context,Not workflow-bound,website,KEEP AND IMPROVE,675,254,0,0,0,0,0,0
website,component,apps/website/components/footer.tsx,,Footer,Reusable content for Footer,Prospective and evaluating customers,Verify during page review,See duplicate-content.csv,Verify during page review,Review,Review in context,Not workflow-bound,website,KEEP AND IMPROVE,374,159,0,0,0,0,0,0
website,component,apps/website/components/hero-section.tsx,,Hero Section,Reusable content for Hero Section,Prospective and evaluating customers,Verify during page review,See duplicate-content.csv,Verify during page review,Review,Review in context,Not workflow-bound,website,KEEP AND IMPROVE,722,250,0,0,0,0,0,1
website,component,apps/website/components/highlight-text.tsx,,Highlight Text,Reusable content for Highlight Text,Prospective and evaluating customers,Verify during page review,See duplicate-content.csv,Verify during page review,Review,Review in context,Not workflow-bound,website,KEEP AND IMPROVE,206,95,0,0,0,0,0,0
website,component,apps/website/components/integrations-section.tsx,,Integrations Section,Reusable content for Integrations Section,Prospective and evaluating customers,Verify during page review,See duplicate-content.csv,Verify during page review,Review,Review in context,Not workflow-bound,website,KEEP AND IMPROVE,125,53,0,0,0,0,0,0
website,component,apps/website/components/kibo-ui/pill/index.tsx,,Index,Reusable content for Index,Prospective and evaluating customers,Verify during page review,See duplicate-content.csv,Verify during page review,Review,Review in context,Not workflow-bound,website,KEEP AND IMPROVE,412,171,0,0,0,0,0,0
website,component,apps/website/components/log-viewer.tsx,,Log Viewer,Reusable content for Log Viewer,Prospective and evaluating customers,Verify during page review,See duplicate-content.csv,Verify during page review,Likely,Review in context,Not workflow-bound,website,KEEP AND IMPROVE,2293,865,0,0,0,0,0,3
website,component,apps/website/components/logo.tsx,,Logo,Reusable content for Logo,Prospective and evaluating customers,Verify during page review,See duplicate-content.csv,Verify during page review,Review,Review in context,Not workflow-bound,website,KEEP AND IMPROVE,52,25,0,0,0,0,0,0
website,component,apps/website/components/marketing/announcement-pill.tsx,,Announcement Pill,Reusable content for Announcement Pill,Prospective and evaluating customers,Verify during page review,See duplicate-content.csv,Verify during page review,Review,Review in context,Not workflow-bound,website,KEEP AND IMPROVE,91,37,0,0,0,0,0,0
website,component,apps/website/components/marketing/brand-icons.tsx,,Brand Icons,Reusable content for Brand Icons,Prospective and evaluating customers,Verify during page review,See duplicate-content.csv,Verify during page review,Review,Review in context,Not workflow-bound,website,KEEP AND IMPROVE,805,296,0,0,0,0,0,0
website,component,apps/website/components/marketing/connector-icon.tsx,,Connector Icon,Reusable content for Connector Icon,Prospective and evaluating customers,Verify during page review,See duplicate-content.csv,Verify during page review,Review,Review in context,Not workflow-bound,website,KEEP AND IMPROVE,200,88,0,0,0,0,0,0
website,component,apps/website/components/marketing/connectors-grid.tsx,,Connectors Grid,Reusable content for Connectors Grid,Prospective and evaluating customers,Verify during page review,See duplicate-content.csv,Verify during page review,Review,Review in context,Not workflow-bound,website,KEEP AND IMPROVE,555,198,0,0,0,0,0,13
website,component,apps/website/components/marketing/connectors-teaser.tsx,,Connectors Teaser,Reusable content for Connectors Teaser,Prospective and evaluating customers,Verify during page review,See duplicate-content.csv,Verify during page review,Review,Review in context,Not workflow-bound,website,KEEP AND IMPROVE,319,124,0,0,0,0,0,0
website,component,apps/website/components/marketing/elt-phases-section.tsx,,Elt Phases Section,Reusable content for Elt Phases Section,Prospective and evaluating customers,Verify during page review,See duplicate-content.csv,Verify during page review,Review,Review in context,Not workflow-bound,website,KEEP AND IMPROVE,355,125,0,0,0,0,0,0
website,component,apps/website/components/marketing/features-bento-section.tsx,,Features Bento Section,Reusable content for Features Bento Section,Prospective and evaluating customers,Verify during page review,See duplicate-content.csv,Verify during page review,Review,Review in context,Not workflow-bound,website,KEEP AND IMPROVE,1070,344,0,0,0,0,0,1
website,component,apps/website/components/marketing/hero-feature-cards.tsx,,Hero Feature Cards,Reusable content for Hero Feature Cards,Prospective and evaluating customers,Verify during page review,See duplicate-content.csv,Verify during page review,Review,Review in context,Not workflow-bound,website,KEEP AND IMPROVE,259,97,0,0,0,0,0,0
website,component,apps/website/components/marketing/how-it-works-data.tsx,,How It Works Data,Reusable content for How It Works Data,Prospective and evaluating customers,Verify during page review,See duplicate-content.csv,Verify during page review,Review,Review in context,Not workflow-bound,website,KEEP AND IMPROVE,48,25,0,0,0,0,0,0
website,component,apps/website/components/marketing/how-it-works-flow-tree.tsx,,How It Works Flow Tree,Reusable content for How It Works Flow Tree,Prospective and evaluating customers,Verify during page review,See duplicate-content.csv,Verify during page review,Review,Review in context,Not workflow-bound,website,KEEP AND IMPROVE,468,173,0,0,0,0,0,0
website,component,apps/website/components/marketing/how-it-works-preview.tsx,,How It Works Preview,Reusable content for How It Works Preview,Prospective and evaluating customers,Verify during page review,See duplicate-content.csv,Verify during page review,Review,Review in context,Not workflow-bound,website,KEEP AND IMPROVE,902,297,0,0,0,0,0,0
website,component,apps/website/components/marketing/how-it-works-section.tsx,,How It Works Section,Reusable content for How It Works Section,Prospective and evaluating customers,Verify during page review,See duplicate-content.csv,Verify during page review,Review,Review in context,Not workflow-bound,website,KEEP AND IMPROVE,611,204,0,0,0,0,0,1
website,component,apps/website/components/marketing/integrations-grid.tsx,,Integrations Grid,Reusable content for Integrations Grid,Prospective and evaluating customers,Verify during page review,See duplicate-content.csv,Verify during page review,Review,Review in context,Not workflow-bound,website,KEEP AND IMPROVE,159,65,0,0,0,0,0,0
website,component,apps/website/components/marketing/integrations-teaser.tsx,,Integrations Teaser,Reusable content for Integrations Teaser,Prospective and evaluating customers,Verify during page review,See duplicate-content.csv,Verify during page review,Review,Review in context,Not workflow-bound,website,KEEP AND IMPROVE,279,96,0,0,0,0,0,0
website,component,apps/website/components/marketing/page-shell.tsx,,Page Shell,Reusable content for Page Shell,Prospective and evaluating customers,Verify during page review,See duplicate-content.csv,Verify during page review,Review,Review in context,Not workflow-bound,website,KEEP AND IMPROVE,134,63,0,0,0,0,0,0
website,component,apps/website/components/marketing/principles-grid.tsx,,Principles Grid,Reusable content for Principles Grid,Prospective and evaluating customers,Verify during page review,See duplicate-content.csv,Verify during page review,Review,Review in context,Not workflow-bound,website,KEEP AND IMPROVE,376,137,0,0,0,0,0,0
website,component,apps/website/components/marketing/product-page-blocks.tsx,,Product Page Blocks,Reusable content for Product Page Blocks,Prospective and evaluating customers,Verify during page review,See duplicate-content.csv,Verify during page review,Review,Review in context,Not workflow-bound,website,KEEP AND IMPROVE,643,248,0,0,0,0,0,0
website,component,apps/website/components/marketing/product-screenshot.tsx,,Product Screenshot,Reusable content for Product Screenshot,Prospective and evaluating customers,Verify during page review,See duplicate-content.csv,Verify during page review,Review,Review in context,Not workflow-bound,website,KEEP AND IMPROVE,54,30,0,0,0,0,0,0
website,component,apps/website/components/marketing/saas-blocks.tsx,,Saas Blocks,Reusable content for Saas Blocks,Prospective and evaluating customers,Verify during page review,See duplicate-content.csv,Verify during page review,Review,Review in context,Not workflow-bound,website,KEEP AND IMPROVE,988,428,0,0,0,0,0,0
website,component,apps/website/components/marketing/section-header.tsx,,Section Header,Reusable content for Section Header,Prospective and evaluating customers,Verify during page review,See duplicate-content.csv,Verify during page review,Review,Review in context,Not workflow-bound,website,KEEP AND IMPROVE,148,60,0,0,0,0,0,0
website,component,apps/website/components/marketing/solutions-menu.tsx,,Solutions Menu,Reusable content for Solutions Menu,Prospective and evaluating customers,Verify during page review,See duplicate-content.csv,Verify during page review,Review,Review in context,Not workflow-bound,website,KEEP AND IMPROVE,319,136,0,0,0,0,0,0
website,component,apps/website/components/marketing/stats-bar.tsx,,Stats Bar,Reusable content for Stats Bar,Prospective and evaluating customers,Verify during page review,See duplicate-content.csv,Verify during page review,Review,Review in context,Not workflow-bound,website,KEEP AND IMPROVE,170,66,0,0,0,0,0,0
website,component,apps/website/components/multi-org-section.tsx,,Multi Org Section,Reusable content for Multi Org Section,Prospective and evaluating customers,Verify during page review,See duplicate-content.csv,Verify during page review,Review,Review in context,Not workflow-bound,website,KEEP AND IMPROVE,158,48,0,0,0,0,0,0
website,dialog,apps/website/components/navbar.tsx,,Navbar,"Contextual dialog, sheet, or confirmation content",Prospective and evaluating customers,Verify during page review,See duplicate-content.csv,Verify during page review,Review,Review in context,Not workflow-bound,website,KEEP AND IMPROVE,831,313,3,0,0,0,0,3
website,component,apps/website/components/page-sections.tsx,,Connect a source. Shape with SQL. Deliver to tables you own.,Reusable content for Connect a source. Shape with SQL. Deliver to tables you own.,Prospective and evaluating customers,Verify during page review,See duplicate-content.csv,Verify during page review,Likely,Review in context,Not workflow-bound,website,KEEP AND IMPROVE,1217,406,0,0,0,0,0,6
website,component,apps/website/components/principles-section.tsx,,Principles Section,Reusable content for Principles Section,Prospective and evaluating customers,Verify during page review,See duplicate-content.csv,Verify during page review,Review,Review in context,Not workflow-bound,website,KEEP AND IMPROVE,91,36,0,0,0,0,0,0
website,component,apps/website/components/product-gallery-section.tsx,,Product Gallery Section,Reusable content for Product Gallery Section,Prospective and evaluating customers,Verify during page review,See duplicate-content.csv,Verify during page review,Review,Review in context,Not workflow-bound,website,KEEP AND IMPROVE,144,51,0,0,0,0,0,0
website,component,apps/website/components/repo-card.tsx,,Repo Card,Reusable content for Repo Card,Prospective and evaluating customers,Verify during page review,See duplicate-content.csv,Verify during page review,Review,Review in context,Not workflow-bound,website,KEEP AND IMPROVE,888,285,0,0,0,0,0,0
website,component,apps/website/components/scramble-text.tsx,,Scramble Text,Reusable content for Scramble Text,Prospective and evaluating customers,Verify during page review,See duplicate-content.csv,Verify during page review,Review,Review in context,Not workflow-bound,website,KEEP AND IMPROVE,509,188,0,0,0,0,0,0
website,component,apps/website/components/section-header.tsx,,Section Header,Reusable content for Section Header,Prospective and evaluating customers,Verify during page review,See duplicate-content.csv,Verify during page review,Review,Review in context,Not workflow-bound,website,KEEP AND IMPROVE,129,56,0,0,0,0,0,0
website,component,apps/website/components/shared/error-boundary.tsx,,Error Boundary,Reusable content for Error Boundary,Prospective and evaluating customers,Verify during page review,See duplicate-content.csv,Verify during page review,Review,Review in context,Not workflow-bound,website,KEEP AND IMPROVE,149,57,0,0,0,0,0,0
website,component,apps/website/components/shared/json-ld.tsx,,Json Ld,Reusable content for Json Ld,Prospective and evaluating customers,Verify during page review,See duplicate-content.csv,Verify during page review,Review,Review in context,Not workflow-bound,website,KEEP AND IMPROVE,46,19,0,0,0,0,0,0
website,component,apps/website/components/shared/smart-link.tsx,,Smart Link,Reusable content for Smart Link,Prospective and evaluating customers,Verify during page review,See duplicate-content.csv,Verify during page review,Review,Review in context,Not workflow-bound,website,KEEP AND IMPROVE,137,56,0,0,0,0,0,0
website,component,apps/website/components/side-nav.tsx,,Side Nav,Reusable content for Side Nav,Prospective and evaluating customers,Verify during page review,See duplicate-content.csv,Verify during page review,Review,Review in context,Not workflow-bound,website,KEEP AND IMPROVE,233,83,0,0,0,0,0,0
website,component,apps/website/components/signals-section.tsx,,Signals Section,Reusable content for Signals Section,Prospective and evaluating customers,Verify during page review,See duplicate-content.csv,Verify during page review,Review,Review in context,Not workflow-bound,website,KEEP AND IMPROVE,599,187,0,0,0,0,0,1
website,component,apps/website/components/smooth-scroll.tsx,,Smooth Scroll,Reusable content for Smooth Scroll,Prospective and evaluating customers,Verify during page review,See duplicate-content.csv,Verify during page review,Review,Review in context,Not workflow-bound,website,KEEP AND IMPROVE,61,22,0,0,0,0,0,0
website,component,apps/website/components/split-flap-text.tsx,,Split Flap Text,Reusable content for Split Flap Text,Prospective and evaluating customers,Verify during page review,See duplicate-content.csv,Verify during page review,Review,Review in context,Not workflow-bound,website,KEEP AND IMPROVE,930,369,0,0,0,0,0,0
website,component,apps/website/components/status-badge.tsx,,Status Badge,Reusable content for Status Badge,Prospective and evaluating customers,Verify during page review,See duplicate-content.csv,Verify during page review,Review,Review in context,Not workflow-bound,website,KEEP AND IMPROVE,315,131,0,0,0,0,0,0
website,component,apps/website/components/workflow-section.tsx,,Workflow Section,Reusable content for Workflow Section,Prospective and evaluating customers,Verify during page review,See duplicate-content.csv,Verify during page review,Review,Review in context,Not workflow-bound,website,KEEP AND IMPROVE,130,51,0,0,0,0,0,0
website,content-source,apps/website/lib/github.ts,,Github,Reusable content for Github,Prospective and evaluating customers,Verify during page review,See duplicate-content.csv,Verify during page review,Review,Review in context,Not workflow-bound,website,KEEP AND IMPROVE,551,157,0,0,0,0,0,0
website,content-source,apps/website/lib/marketing-content.ts,,Marketing Content,Reusable content for Marketing Content,Prospective and evaluating customers,Verify during page review,See duplicate-content.csv,Verify during page review,Likely,Review in context,Not workflow-bound,website,SHORTEN,2472,765,0,0,0,0,0,52
website,content-source,apps/website/lib/sample-logs.ts,,Sample Logs,Reusable content for Sample Logs,Prospective and evaluating customers,Verify during page review,See duplicate-content.csv,Verify during page review,Review,Review in context,Not workflow-bound,website,KEEP AND IMPROVE,634,209,0,0,0,0,0,0
application,route,apps/app/app/auth/accept-invite/page.tsx,/auth/accept-invite,Page,Primary content for Page,New or returning workspace users,Verify during page review,See duplicate-content.csv,Verify during page review,Review,Review in context,Yes or contextual,application,KEEP AND IMPROVE,26,11,0,0,0,0,0,0
application,route,apps/app/app/auth/auth-code-error/page.tsx,/auth/auth-code-error,Authentication Error,Primary content for Authentication Error,New or returning workspace users,Verify during page review,See duplicate-content.csv,Verify during page review,Review,Review in context,Yes or contextual,application,KEEP AND IMPROVE,97,36,0,0,0,0,0,0
application,route,apps/app/app/auth/forgot-password/page.tsx,/auth/forgot-password,Page,Primary content for Page,New or returning workspace users,Verify during page review,See duplicate-content.csv,Verify during page review,Review,Review in context,Yes or contextual,application,KEEP AND IMPROVE,26,11,0,0,0,0,0,0
application,route,apps/app/app/auth/login/page.tsx,/auth/login,Page,Primary content for Page,New or returning workspace users,Verify during page review,See duplicate-content.csv,Verify during page review,Review,Review in context,Yes or contextual,application,KEEP AND IMPROVE,26,11,0,0,0,0,0,0
application,route,apps/app/app/auth/reset-password/page.tsx,/auth/reset-password,Page,Primary content for Page,New or returning workspace users,Verify during page review,See duplicate-content.csv,Verify during page review,Review,Review in context,Yes or contextual,application,KEEP AND IMPROVE,26,11,0,0,0,0,0,0
application,route,apps/app/app/auth/signup/page.tsx,/auth/signup,Page,Primary content for Page,New or returning workspace users,Verify during page review,See duplicate-content.csv,Verify during page review,Review,Review in context,Yes or contextual,application,KEEP AND IMPROVE,26,11,0,0,0,0,0,0
application,component,apps/app/app/error.tsx,,Error,Reusable content for Error,Authenticated MantrixFlow users,Verify during page review,See duplicate-content.csv,Verify during page review,Review,Review in context,Yes or contextual,application,KEEP AND IMPROVE,125,42,0,0,0,0,0,0
application,component,apps/app/app/global-error.tsx,,Global Error,Reusable content for Global Error,Authenticated MantrixFlow users,Verify during page review,See duplicate-content.csv,Verify during page review,Review,Review in context,Yes or contextual,application,KEEP AND IMPROVE,133,60,0,0,0,0,0,0
application,layout,apps/app/app/layout.tsx,/,Layout,"Shared navigation, metadata, or layout content",Authenticated MantrixFlow users,Verify during page review,See duplicate-content.csv,Verify during page review,Review,Review in context,Yes or contextual,application,SHORTEN,123,47,0,0,0,0,0,0
application,route,apps/app/app/onboarding/complete/page.tsx,/onboarding/complete,Page,Primary content for Page,New or returning workspace users,Verify during page review,See duplicate-content.csv,Verify during page review,Review,Review in context,Yes or contextual,application,KEEP AND IMPROVE,80,25,0,0,0,0,0,0
application,route,apps/app/app/onboarding/connect/[connector]/page.tsx,/onboarding/connect/[connector],Page,Primary content for Page,New or returning workspace users,Unverified,See duplicate-content.csv,Possible,Review,Review in context,Yes or contextual,application,REQUIRES PRODUCT CONFIRMATION,857,370,0,0,4,0,1,0
application,route,apps/app/app/onboarding/connect/[connector]/select/page.tsx,/onboarding/connect/[connector]/select,Page,Primary content for Page,New or returning workspace users,Unverified,See duplicate-content.csv,Possible,Review,Review in context,Yes or contextual,application,REQUIRES PRODUCT CONFIRMATION,339,138,0,0,1,0,0,0
application,route,apps/app/app/onboarding/data-source/page.tsx,/onboarding/data-source,Page,Primary content for Page,New or returning workspace users,Verify during page review,See duplicate-content.csv,Verify during page review,Review,Review in context,Yes or contextual,application,KEEP AND IMPROVE,70,24,0,0,0,0,2,0
application,route,apps/app/app/onboarding/first-dashboard/page.tsx,/onboarding/first-dashboard,Page,Primary content for Page,New or returning workspace users,Verify during page review,See duplicate-content.csv,Verify during page review,Review,Review in context,Yes or contextual,application,KEEP AND IMPROVE,46,18,0,0,0,0,0,0
application,route,apps/app/app/onboarding/importing/page.tsx,/onboarding/importing,Page,Primary content for Page,New or returning workspace users,Verify during page review,See duplicate-content.csv,Verify during page review,Review,Review in context,Yes or contextual,application,KEEP AND IMPROVE,280,99,0,0,0,0,0,0
application,layout,apps/app/app/onboarding/layout.tsx,/onboarding,Layout,"Shared navigation, metadata, or layout content",New or returning workspace users,Verify during page review,See duplicate-content.csv,Verify during page review,Review,Review in context,Yes or contextual,application,KEEP AND IMPROVE,39,15,0,0,0,0,0,0
application,route,apps/app/app/onboarding/organization/page.tsx,/onboarding/organization,Page,Primary content for Page,New or returning workspace users,Verify during page review,See duplicate-content.csv,Verify during page review,Review,Review in context,Yes or contextual,application,KEEP AND IMPROVE,55,19,0,0,0,0,0,0
application,route,apps/app/app/onboarding/welcome/page.tsx,/onboarding/welcome,Page,Primary content for Page,New or returning workspace users,Unverified,See duplicate-content.csv,Possible,Likely,Review in context,Yes or contextual,application,REQUIRES PRODUCT CONFIRMATION,1547,622,0,0,7,0,5,2
application,route,apps/app/app/organizations/[id]/edit/page.tsx,/organizations/[id]/edit,Organization not found,Primary content for Organization not found,Authenticated MantrixFlow users,Unverified,See duplicate-content.csv,Possible,Review,Review in context,Yes or contextual,application,REQUIRES PRODUCT CONFIRMATION,587,252,0,0,0,0,2,0
application,dialog,apps/app/app/organizations/_components/create-organization-dialog.tsx,,Create Organization Dialog,"Contextual dialog, sheet, or confirmation content",Authenticated MantrixFlow users,Unverified,See duplicate-content.csv,Possible,Review,Review in context,Yes or contextual,application,REQUIRES PRODUCT CONFIRMATION,666,287,3,0,0,0,2,0
application,layout,apps/app/app/organizations/layout.tsx,/organizations,Layout,"Shared navigation, metadata, or layout content",Authenticated MantrixFlow users,Verify during page review,See duplicate-content.csv,Verify during page review,Review,Review in context,Yes or contextual,application,KEEP AND IMPROVE,14,8,0,0,0,0,0,0
application,route,apps/app/app/organizations/new/page.tsx,/organizations/new,Page,Primary content for Page,Authenticated MantrixFlow users,Verify during page review,See duplicate-content.csv,Verify during page review,Review,Review in context,Yes or contextual,application,SHORTEN,64,26,0,0,0,0,0,0
application,route,apps/app/app/organizations/page.tsx,/organizations,Organizations,Primary content for Organizations,Authenticated MantrixFlow users,Unverified,See duplicate-content.csv,Possible,Review,Review in context,Yes or contextual,application,REQUIRES PRODUCT CONFIRMATION,1135,456,0,0,0,0,5,0
application,route,apps/app/app/page.tsx,/,Page,Primary content for Page,Authenticated MantrixFlow users,Verify during page review,See duplicate-content.csv,Verify during page review,Review,Review in context,Yes or contextual,application,KEEP AND IMPROVE,13,6,0,0,0,0,0,0
application,route,apps/app/app/workspace/activity/page.tsx,/workspace/activity,Page,Primary content for Page,Authenticated MantrixFlow users,Unverified,See duplicate-content.csv,Possible,Likely,Review in context,Yes or contextual,application,REQUIRES PRODUCT CONFIRMATION,1433,564,0,0,0,1,6,0
application,component,apps/app/app/workspace/analytics/components/KpiCard.tsx,,KpiCard,Reusable content for KpiCard,Authenticated MantrixFlow users,Verify during page review,See duplicate-content.csv,Verify during page review,Review,Review in context,Yes or contextual,application,KEEP AND IMPROVE,320,114,0,0,0,0,8,0
application,component,apps/app/app/workspace/analytics/components/PeriodSelector.tsx,,PeriodSelector,Reusable content for PeriodSelector,Authenticated MantrixFlow users,Verify during page review,See duplicate-content.csv,Verify during page review,Review,Review in context,Yes or contextual,application,KEEP AND IMPROVE,114,38,0,0,0,0,0,0
application,tooltip,apps/app/app/workspace/analytics/components/PipelineRunFrequencyChart.tsx,,PipelineRunFrequencyChart,Contextual tooltip content,Authenticated MantrixFlow users,Verify during page review,See duplicate-content.csv,Verify during page review,Review,Review in context,Yes or contextual,application,KEEP AND IMPROVE,348,164,0,0,0,0,7,0
application,tooltip,apps/app/app/workspace/analytics/components/RecentFailedRunsTable.tsx,,RecentFailedRunsTable,Contextual tooltip content,Authenticated MantrixFlow users,Verify during page review,See duplicate-content.csv,Verify during page review,Review,Review in context,Yes or contextual,application,KEEP AND IMPROVE,268,123,0,0,0,0,7,0
application,tooltip,apps/app/app/workspace/analytics/components/RowsOverTimeChart.tsx,,RowsOverTimeChart,Contextual tooltip content,Authenticated MantrixFlow users,Verify during page review,See duplicate-content.csv,Verify during page review,Review,Review in context,Yes or contextual,application,KEEP AND IMPROVE,489,224,0,0,0,1,7,0
application,tooltip,apps/app/app/workspace/analytics/components/RunDurationTrendChart.tsx,,RunDurationTrendChart,Contextual tooltip content,Authenticated MantrixFlow users,Unverified,See duplicate-content.csv,Possible,Review,Review in context,Yes or contextual,application,REQUIRES PRODUCT CONFIRMATION,475,226,0,0,0,1,8,0
application,tooltip,apps/app/app/workspace/analytics/components/RunStatusDonut.tsx,,RunStatusDonut,Contextual tooltip content,Authenticated MantrixFlow users,Verify during page review,See duplicate-content.csv,Verify during page review,Review,Review in context,Yes or contextual,application,KEEP AND IMPROVE,469,196,0,0,0,0,7,0
application,component,apps/app/app/workspace/analytics/components/TopPipelinesTable.tsx,,TopPipelinesTable,Reusable content for TopPipelinesTable,Authenticated MantrixFlow users,Verify during page review,See duplicate-content.csv,Verify during page review,Review,Review in context,Yes or contextual,application,KEEP AND IMPROVE,251,119,0,0,0,1,7,0
application,component,apps/app/app/workspace/analytics/components/UsageProgressBars.tsx,,UsageProgressBars,Reusable content for UsageProgressBars,Authenticated MantrixFlow users,Verify during page review,See duplicate-content.csv,Verify during page review,Review,Review in context,Yes or contextual,application,KEEP AND IMPROVE,663,259,0,0,0,0,9,0
application,tooltip,apps/app/app/workspace/analytics/components/recent-failed-runs-columns.tsx,,Recent Failed Runs Columns,Contextual tooltip content,Authenticated MantrixFlow users,Verify during page review,See duplicate-content.csv,Verify during page review,Review,Review in context,Yes or contextual,application,KEEP AND IMPROVE,301,127,0,1,0,0,0,0
application,component,apps/app/app/workspace/analytics/components/top-pipelines-columns.tsx,,Top Pipelines Columns,Reusable content for Top Pipelines Columns,Authenticated MantrixFlow users,Verify during page review,See duplicate-content.csv,Verify during page review,Review,Review in context,Yes or contextual,application,KEEP AND IMPROVE,213,84,0,0,0,0,0,0
application,route,apps/app/app/workspace/analytics/page.tsx,/workspace/analytics,Page,Primary content for Page,Authenticated MantrixFlow users,Verify during page review,See duplicate-content.csv,Verify during page review,Review,Review in context,Yes or contextual,application,KEEP AND IMPROVE,1064,464,0,0,5,1,34,0
application,route,apps/app/app/workspace/billing/checkout/page.tsx,/workspace/billing/checkout,Page,Primary content for Page,Workspace owners and billing administrators,Verify during page review,See duplicate-content.csv,Verify during page review,Review,Review in context,Yes or contextual,application,KEEP AND IMPROVE,215,72,0,0,2,0,0,0
application,route,apps/app/app/workspace/billing/success/page.tsx,/workspace/billing/success,Page,Primary content for Page,Workspace owners and billing administrators,Verify during page review,See duplicate-content.csv,Verify during page review,Review,Review in context,Yes or contextual,application,KEEP AND IMPROVE,498,164,0,0,0,0,0,0
application,route,apps/app/app/workspace/connections/[id]/cdc-setup/page.tsx,/workspace/connections/[id]/cdc-setup,Page,Primary content for Page,Authenticated MantrixFlow users,Verify during page review,See duplicate-content.csv,Verify during page review,Review,Review in context,Yes or contextual,application,KEEP AND IMPROVE,37,11,0,0,0,0,0,0
application,route,apps/app/app/workspace/connections/[id]/edit/page.tsx,/workspace/connections/[id]/edit,Page,Primary content for Page,Authenticated MantrixFlow users,Verify during page review,See duplicate-content.csv,Verify during page review,Review,Review in context,Yes or contextual,application,KEEP AND IMPROVE,242,90,0,0,0,0,4,0
application,route,apps/app/app/workspace/connections/[id]/page.tsx,/workspace/connections/[id],Page,Primary content for Page,Authenticated MantrixFlow users,Verify during page review,See duplicate-content.csv,Verify during page review,Review,Review in context,Yes or contextual,application,KEEP AND IMPROVE,948,353,0,0,7,0,5,0
application,component,apps/app/app/workspace/connections/components/CategoryTabs.tsx,,CategoryTabs,Reusable content for CategoryTabs,Authenticated MantrixFlow users,Verify during page review,See duplicate-content.csv,Verify during page review,Review,Review in context,Yes or contextual,application,KEEP AND IMPROVE,140,56,0,0,0,0,0,0
application,dialog,apps/app/app/workspace/connections/components/ConnectionDrawer.tsx,,ConnectionDrawer,"Contextual dialog, sheet, or confirmation content",Authenticated MantrixFlow users,Unverified,See duplicate-content.csv,Possible,Review,Review in context,Yes or contextual,application,REQUIRES PRODUCT CONFIRMATION,917,420,6,0,0,0,1,0
application,component,apps/app/app/workspace/connections/components/ConnectionFieldRenderer.tsx,,ConnectionFieldRenderer,Reusable content for ConnectionFieldRenderer,Authenticated MantrixFlow users,Unverified,See duplicate-content.csv,Possible,Review,Review in context,Yes or contextual,application,REQUIRES PRODUCT CONFIRMATION,280,140,0,0,0,0,0,0
application,component,apps/app/app/workspace/connections/components/ConnectionFormHeader.tsx,,ConnectionFormHeader,Reusable content for ConnectionFormHeader,Authenticated MantrixFlow users,Verify during page review,See duplicate-content.csv,Verify during page review,Review,Review in context,Yes or contextual,application,KEEP AND IMPROVE,206,68,0,0,0,0,0,0
application,component,apps/app/app/workspace/connections/components/ConnectionList.tsx,,Connections,Reusable content for Connections,Authenticated MantrixFlow users,Unverified,See duplicate-content.csv,Possible,Review,Review in context,Yes or contextual,application,REQUIRES PRODUCT CONFIRMATION,1179,541,0,0,0,1,1,1
application,component,apps/app/app/workspace/connections/components/ConnectionListRow.tsx,,ConnectionListRow,Reusable content for ConnectionListRow,Authenticated MantrixFlow users,Verify during page review,See duplicate-content.csv,Verify during page review,Review,Review in context,Yes or contextual,application,KEEP AND IMPROVE,399,185,0,0,0,0,0,0
application,component,apps/app/app/workspace/connections/components/ConnectionSetupGuide.tsx,,ConnectionSetupGuide,Reusable content for ConnectionSetupGuide,Authenticated MantrixFlow users,Verify during page review,See duplicate-content.csv,Verify during page review,Review,Review in context,Yes or contextual,application,KEEP AND IMPROVE,840,266,0,0,0,0,0,2
application,component,apps/app/app/workspace/connections/components/ConnectorCard.tsx,,ConnectorCard,Reusable content for ConnectorCard,Authenticated MantrixFlow users,Unverified,See duplicate-content.csv,Possible,Review,Review in context,Yes or contextual,application,REQUIRES PRODUCT CONFIRMATION,394,178,0,0,0,0,0,3
application,component,apps/app/app/workspace/connections/components/ConnectorCatalog.tsx,,ConnectorCatalog,Reusable content for ConnectorCatalog,Authenticated MantrixFlow users,Unverified,See duplicate-content.csv,Possible,Review,Review in context,Yes or contextual,application,REQUIRES PRODUCT CONFIRMATION,464,169,0,0,0,0,0,1
application,component,apps/app/app/workspace/connections/components/CredentialForm.tsx,,CredentialForm,Reusable content for CredentialForm,Authenticated MantrixFlow users,Verify during page review,See duplicate-content.csv,Verify during page review,Review,Review in context,Yes or contextual,application,KEEP AND IMPROVE,877,320,0,0,0,0,2,1
application,component,apps/app/app/workspace/connections/components/RoleToggle.tsx,,RoleToggle,Reusable content for RoleToggle,Authenticated MantrixFlow users,Verify during page review,See duplicate-content.csv,Verify during page review,Review,Review in context,Yes or contextual,application,KEEP AND IMPROVE,140,58,0,0,0,0,0,0
application,content-source,apps/app/app/workspace/connections/data/connectionFields.ts,,ConnectionFields,Reusable content for ConnectionFields,Authenticated MantrixFlow users,Unverified,See duplicate-content.csv,Possible,Review,Review in context,Yes or contextual,application,REQUIRES PRODUCT CONFIRMATION,1028,535,0,0,0,0,0,0
application,content-source,apps/app/app/workspace/connections/data/connectors.ts,,Connectors,Reusable content for Connectors,Authenticated MantrixFlow users,Unverified,See duplicate-content.csv,Possible,Review,Review in context,Yes or contextual,application,REQUIRES PRODUCT CONFIRMATION,613,293,0,0,0,0,0,3
application,route,apps/app/app/workspace/connections/new/[type]/page.tsx,/workspace/connections/new/[type],Page,Primary content for Page,Authenticated MantrixFlow users,Verify during page review,See duplicate-content.csv,Verify during page review,Review,Review in context,Yes or contextual,application,KEEP AND IMPROVE,154,60,0,0,0,0,0,0
application,route,apps/app/app/workspace/connections/new/page.tsx,/workspace/connections/new,Page,Primary content for Page,Authenticated MantrixFlow users,Verify during page review,See duplicate-content.csv,Verify during page review,Review,Review in context,Yes or contextual,application,KEEP AND IMPROVE,60,23,0,0,0,0,0,0
application,route,apps/app/app/workspace/connections/page.tsx,/workspace/connections,Page,Primary content for Page,Authenticated MantrixFlow users,Verify during page review,See duplicate-content.csv,Verify during page review,Review,Review in context,Yes or contextual,application,KEEP AND IMPROVE,369,150,0,0,0,0,5,0
application,dialog,apps/app/app/workspace/data-pipelines/[id]/_components/pipeline-operations-page.tsx,,Pipeline Operations Page,"Contextual dialog, sheet, or confirmation content",Authenticated MantrixFlow users,Unverified,See duplicate-content.csv,Possible,Likely,Review in context,Yes or contextual,application,REQUIRES PRODUCT CONFIRMATION,8443,3493,8,0,21,5,20,0
application,route,apps/app/app/workspace/data-pipelines/[id]/builder/page.tsx,/workspace/data-pipelines/[id]/builder,Page,Primary content for Page,Authenticated MantrixFlow users,Verify during page review,See duplicate-content.csv,Verify during page review,Review,Review in context,Yes or contextual,application,KEEP AND IMPROVE,136,37,0,0,0,0,0,0
application,route,apps/app/app/workspace/data-pipelines/[id]/destinations/[destinationId]/page.tsx,/workspace/data-pipelines/[id]/destinations/[destinationId],Page,Primary content for Page,Authenticated MantrixFlow users,Unverified,See duplicate-content.csv,Possible,Likely,Review in context,Yes or contextual,application,REQUIRES PRODUCT CONFIRMATION,1347,577,0,0,4,1,4,0
application,route,apps/app/app/workspace/data-pipelines/[id]/edit/page.tsx,/workspace/data-pipelines/[id]/edit,Opening pipeline settings,Primary content for Opening pipeline settings,Authenticated MantrixFlow users,Verify during page review,See duplicate-content.csv,Verify during page review,Review,Review in context,Yes or contextual,application,KEEP AND IMPROVE,96,31,0,0,0,0,0,1
application,route,apps/app/app/workspace/data-pipelines/[id]/page.tsx,/workspace/data-pipelines/[id],Page,Primary content for Page,Authenticated MantrixFlow users,Verify during page review,See duplicate-content.csv,Verify during page review,Review,Review in context,Yes or contextual,application,KEEP AND IMPROVE,6,2,0,0,0,0,0,0
application,route,apps/app/app/workspace/data-pipelines/[id]/transformations/[transformationId]/page.tsx,/workspace/data-pipelines/[id]/transformations/[transformationId],Page,Primary content for Page,Authenticated MantrixFlow users,Unverified,See duplicate-content.csv,Possible,Likely,Review in context,Yes or contextual,application,REQUIRES PRODUCT CONFIRMATION,1865,734,0,0,10,0,5,0
application,content-source,apps/app/app/workspace/data-pipelines/mockListData.ts,,MockListData,Reusable content for MockListData,Authenticated MantrixFlow users,Unverified,See duplicate-content.csv,Possible,Review,Review in context,Yes or contextual,application,REQUIRES PRODUCT CONFIRMATION,241,108,0,0,0,0,0,0
application,route,apps/app/app/workspace/data-pipelines/new/page.tsx,/workspace/data-pipelines/new,Page,Primary content for Page,Authenticated MantrixFlow users,Unverified,See duplicate-content.csv,Possible,Review,Review in context,Yes or contextual,application,REQUIRES PRODUCT CONFIRMATION,460,176,0,0,5,1,1,0
application,route,apps/app/app/workspace/data-pipelines/page.tsx,/workspace/data-pipelines,Page,Primary content for Page,Authenticated MantrixFlow users,Unverified,See duplicate-content.csv,Possible,Review,Review in context,Yes or contextual,application,REQUIRES PRODUCT CONFIRMATION,894,357,0,0,2,1,4,0
application,route,apps/app/app/workspace/data-sources/[id]/page.tsx,/workspace/data-sources/[id],Page,Primary content for Page,Authenticated MantrixFlow users,Verify during page review,See duplicate-content.csv,Verify during page review,Review,Review in context,Yes or contextual,application,KEEP AND IMPROVE,52,21,0,0,0,0,0,0
application,component,apps/app/app/workspace/data-sources/[id]/query/dataset-config.tsx,,Datasets,Reusable content for Datasets,Authenticated MantrixFlow users,Verify during page review,See duplicate-content.csv,Verify during page review,Review,Review in context,Yes or contextual,application,KEEP AND IMPROVE,1022,408,0,0,10,0,1,0
application,route,apps/app/app/workspace/data-sources/[id]/query/page.tsx,/workspace/data-sources/[id]/query,Page,Primary content for Page,Authenticated MantrixFlow users,Verify during page review,See duplicate-content.csv,Verify during page review,Review,Review in context,Yes or contextual,application,KEEP AND IMPROVE,1066,396,0,0,1,0,6,0
application,route,apps/app/app/workspace/data-sources/[id]/query/view/page.tsx,/workspace/data-sources/[id]/query/view,Query Results,Primary content for Query Results,Authenticated MantrixFlow users,Unverified,See duplicate-content.csv,Possible,Likely,Review in context,Yes or contextual,application,REQUIRES PRODUCT CONFIRMATION,1839,553,0,0,6,1,5,0
application,route,apps/app/app/workspace/data-sources/new/page.tsx,/workspace/data-sources/new,Page,Primary content for Page,Authenticated MantrixFlow users,Verify during page review,See duplicate-content.csv,Verify during page review,Review,Review in context,Yes or contextual,application,KEEP AND IMPROVE,32,15,0,0,0,0,0,0
application,route,apps/app/app/workspace/data-sources/page.tsx,/workspace/data-sources,Page,Primary content for Page,Authenticated MantrixFlow users,Verify during page review,See duplicate-content.csv,Verify during page review,Review,Review in context,Yes or contextual,application,KEEP AND IMPROVE,13,6,0,0,0,0,0,0
application,route,apps/app/app/workspace/datasets/[id]/page.tsx,/workspace/datasets/[id],Page,Primary content for Page,Authenticated MantrixFlow users,Verify during page review,See duplicate-content.csv,Verify during page review,Review,Review in context,Yes or contextual,application,KEEP AND IMPROVE,877,368,0,0,5,0,1,0
application,layout,apps/app/app/workspace/layout.tsx,/workspace,Layout,"Shared navigation, metadata, or layout content",Authenticated MantrixFlow users,Verify during page review,See duplicate-content.csv,Verify during page review,Review,Review in context,Yes or contextual,application,KEEP AND IMPROVE,459,150,0,0,0,0,4,0
application,route,apps/app/app/workspace/notifications/page.tsx,/workspace/notifications,Page,Primary content for Page,Authenticated MantrixFlow users,Unverified,See duplicate-content.csv,Possible,Review,Review in context,Yes or contextual,application,REQUIRES PRODUCT CONFIRMATION,997,391,0,0,0,1,3,0
application,route,apps/app/app/workspace/page.tsx,/workspace,Page,Primary content for Page,Authenticated MantrixFlow users,Verify during page review,See duplicate-content.csv,Verify during page review,Likely,Review in context,Yes or contextual,application,KEEP AND IMPROVE,2071,844,0,0,0,1,5,1
application,component,apps/app/app/workspace/settings/_components/integrations-catalog.tsx,,Integrations Catalog,Reusable content for Integrations Catalog,Workspace owners and administrators,Verify during page review,See duplicate-content.csv,Verify during page review,Review,Review in context,Yes or contextual,application,KEEP AND IMPROVE,452,167,0,0,0,0,0,0
application,component,apps/app/app/workspace/settings/_components/notification-settings-tab.tsx,,Notification Settings Tab,Reusable content for Notification Settings Tab,Workspace owners and administrators,Verify during page review,See duplicate-content.csv,Verify during page review,Review,Review in context,Yes or contextual,application,KEEP AND IMPROVE,222,89,0,0,2,0,2,1
application,component,apps/app/app/workspace/settings/_components/profile-settings-tab.tsx,,Profile Settings Tab,Reusable content for Profile Settings Tab,Workspace owners and administrators,Unverified,See duplicate-content.csv,Possible,Review,Review in context,Yes or contextual,application,REQUIRES PRODUCT CONFIRMATION,474,220,0,0,0,0,1,0
application,component,apps/app/app/workspace/settings/_components/security-settings-tab.tsx,,Security Settings Tab,Reusable content for Security Settings Tab,Workspace owners and administrators,Verify during page review,See duplicate-content.csv,Verify during page review,Review,Review in context,Yes or contextual,application,KEEP AND IMPROVE,170,71,0,0,0,0,0,0
application,content-source,apps/app/app/workspace/settings/_components/settings-billing-config.ts,,Settings Billing Config,Reusable content for Settings Billing Config,Workspace owners and administrators,Verify during page review,See duplicate-content.csv,Verify during page review,Review,Review in context,Yes or contextual,application,KEEP AND IMPROVE,229,79,0,0,0,0,0,2
application,component,apps/app/app/workspace/settings/_components/settings-ui.tsx,,Settings Ui,Reusable content for Settings Ui,Workspace owners and administrators,Verify during page review,See duplicate-content.csv,Verify during page review,Review,Review in context,Yes or contextual,application,KEEP AND IMPROVE,718,293,0,0,0,0,0,0
application,route,apps/app/app/workspace/settings/page.tsx,/workspace/settings,Page,Primary content for Page,Workspace owners and administrators,Unverified,See duplicate-content.csv,Possible,Likely,Review in context,Yes or contextual,application,REQUIRES PRODUCT CONFIRMATION,4865,1887,6,0,29,3,12,3
application,route,apps/app/app/workspace/team/[id]/edit/page.tsx,/workspace/team/[id]/edit,Page,Primary content for Page,Workspace owners and administrators,Verify during page review,See duplicate-content.csv,Verify during page review,Review,Review in context,Yes or contextual,application,KEEP AND IMPROVE,1093,435,0,0,0,0,2,0
application,dialog,apps/app/app/workspace/team/_components/edit-team-member-dialog.tsx,,Edit Team Member Dialog,"Contextual dialog, sheet, or confirmation content",Workspace owners and administrators,Verify during page review,See duplicate-content.csv,Verify during page review,Review,Review in context,Yes or contextual,application,SHORTEN,359,145,3,0,0,0,1,0
application,dialog,apps/app/app/workspace/team/_components/invite-team-member-dialog.tsx,,Invite Team Member Dialog,"Contextual dialog, sheet, or confirmation content",Workspace owners and administrators,Unverified,See duplicate-content.csv,Possible,Review,Review in context,Yes or contextual,application,REQUIRES PRODUCT CONFIRMATION,375,159,3,0,0,0,1,0
application,route,apps/app/app/workspace/team/invite/page.tsx,/workspace/team/invite,Page,Primary content for Page,Workspace owners and administrators,Verify during page review,See duplicate-content.csv,Verify during page review,Review,Review in context,Yes or contextual,application,SHORTEN,58,22,0,0,0,0,0,0
application,route,apps/app/app/workspace/team/page.tsx,/workspace/team,Page,Primary content for Page,Workspace owners and administrators,Unverified,See duplicate-content.csv,Possible,Likely,Review in context,Yes or contextual,application,REQUIRES PRODUCT CONFIRMATION,2030,784,0,0,1,1,7,0
application,component,apps/app/components/auth/accept-invite-form.tsx,,Invalid Invite Link,Reusable content for Invalid Invite Link,New or returning workspace users,Unverified,See duplicate-content.csv,Possible,Review,Review in context,Yes or contextual,application,REQUIRES PRODUCT CONFIRMATION,1086,384,0,0,9,2,1,0
application,component,apps/app/components/auth/auth-page-shell.tsx,,Auth Page Shell,Reusable content for Auth Page Shell,New or returning workspace users,Verify during page review,See duplicate-content.csv,Verify during page review,Review,Review in context,Yes or contextual,application,KEEP AND IMPROVE,78,30,0,0,0,0,0,0
application,component,apps/app/components/auth/auth-provider.tsx,,Auth Provider,Reusable content for Auth Provider,New or returning workspace users,Verify during page review,See duplicate-content.csv,Verify during page review,Review,Review in context,Yes or contextual,application,KEEP AND IMPROVE,96,36,0,0,0,0,0,0
application,dialog,apps/app/components/auth/change-password-modal.tsx,,Change Password Modal,"Contextual dialog, sheet, or confirmation content",New or returning workspace users,Unverified,See duplicate-content.csv,Possible,Review,Review in context,Yes or contextual,application,REQUIRES PRODUCT CONFIRMATION,399,192,3,0,2,0,1,0
application,component,apps/app/components/auth/forgot-password-form.tsx,,Forgot Password Form,Reusable content for Forgot Password Form,New or returning workspace users,Unverified,See duplicate-content.csv,Possible,Review,Review in context,Yes or contextual,application,REQUIRES PRODUCT CONFIRMATION,287,122,0,0,2,0,1,0
application,component,apps/app/components/auth/login-form.tsx,,Login Form,Reusable content for Login Form,New or returning workspace users,Unverified,See duplicate-content.csv,Possible,Review,Review in context,Yes or contextual,application,REQUIRES PRODUCT CONFIRMATION,1036,363,0,0,6,0,1,0
application,component,apps/app/components/auth/reset-password-form.tsx,,Invalid Reset Link,Reusable content for Invalid Reset Link,New or returning workspace users,Unverified,See duplicate-content.csv,Possible,Review,Review in context,Yes or contextual,application,REQUIRES PRODUCT CONFIRMATION,712,282,0,0,6,1,1,0
application,component,apps/app/components/auth/signup-form.tsx,,Signup Form,Reusable content for Signup Form,New or returning workspace users,Unverified,See duplicate-content.csv,Possible,Review,Review in context,Yes or contextual,application,REQUIRES PRODUCT CONFIRMATION,778,339,0,0,4,0,1,0
application,dialog,apps/app/components/billing/plan-limit-dialog.tsx,,Plan Limit Dialog,"Contextual dialog, sheet, or confirmation content",Workspace owners and billing administrators,Unverified,See duplicate-content.csv,Possible,Review,Review in context,Yes or contextual,application,REQUIRES PRODUCT CONFIRMATION,245,101,3,0,0,0,0,1
application,component,apps/app/components/billingsdk/invoice-history.tsx,,Invoice History,Reusable content for Invoice History,Authenticated MantrixFlow users,Verify during page review,See duplicate-content.csv,Verify during page review,Review,Review in context,Yes or contextual,application,KEEP AND IMPROVE,295,119,0,0,0,1,0,0
application,component,apps/app/components/billingsdk/trial-expiry-card.tsx,,Trial Expiry Card,Reusable content for Trial Expiry Card,Authenticated MantrixFlow users,Verify during page review,See duplicate-content.csv,Verify during page review,Review,Review in context,Yes or contextual,application,KEEP AND IMPROVE,155,55,0,0,0,0,0,0
application,component,apps/app/components/billingsdk/update-plan-card.tsx,,Update Plan Card,Reusable content for Update Plan Card,Authenticated MantrixFlow users,Unverified,See duplicate-content.csv,Possible,Review,Review in context,Yes or contextual,application,REQUIRES PRODUCT CONFIRMATION,685,243,0,0,0,0,0,4
application,component,apps/app/components/billingsdk/usage-meter-circle.tsx,,Usage Meter Circle,Reusable content for Usage Meter Circle,Authenticated MantrixFlow users,Unverified,See duplicate-content.csv,Possible,Review,Review in context,Yes or contextual,application,REQUIRES PRODUCT CONFIRMATION,374,138,0,0,0,0,0,4
application,tooltip,apps/app/components/charts/chart-bar-interactive.tsx,,Chart Bar Interactive,Contextual tooltip content,Authenticated MantrixFlow users,Verify during page review,See duplicate-content.csv,Verify during page review,Review,Review in context,Yes or contextual,application,KEEP AND IMPROVE,367,141,0,0,0,0,0,0
application,tooltip,apps/app/components/charts/chart-bar-multiple.tsx,,Chart Bar Multiple,Contextual tooltip content,Authenticated MantrixFlow users,Verify during page review,See duplicate-content.csv,Verify during page review,Review,Review in context,Yes or contextual,application,KEEP AND IMPROVE,212,81,0,0,0,0,0,0
application,tooltip,apps/app/components/charts/chart-line-label-custom.tsx,,Chart Line Label Custom,Contextual tooltip content,Authenticated MantrixFlow users,Verify during page review,See duplicate-content.csv,Verify during page review,Review,Review in context,Yes or contextual,application,KEEP AND IMPROVE,262,124,0,0,0,0,0,0
application,tooltip,apps/app/components/charts/chart-pie-donut-text.tsx,,Chart Pie Donut Text,Contextual tooltip content,Authenticated MantrixFlow users,Verify during page review,See duplicate-content.csv,Verify during page review,Review,Review in context,Yes or contextual,application,KEEP AND IMPROVE,297,130,0,0,0,0,0,0
application,tooltip,apps/app/components/charts/chart-pie-label.tsx,,Chart Pie Label,Contextual tooltip content,Authenticated MantrixFlow users,Verify during page review,See duplicate-content.csv,Verify during page review,Review,Review in context,Yes or contextual,application,KEEP AND IMPROVE,222,86,0,0,0,0,0,0
application,component,apps/app/components/connections/connection-card.tsx,,Connection Card,Reusable content for Connection Card,Authenticated MantrixFlow users,Verify during page review,See duplicate-content.csv,Verify during page review,Review,Review in context,Yes or contextual,application,KEEP AND IMPROVE,564,193,0,0,0,0,0,0
application,component,apps/app/components/connections/connection-wizard.tsx,,Connection — )},Reusable content for Connection — )},Authenticated MantrixFlow users,Unverified,See duplicate-content.csv,Possible,Review,Review in context,Yes or contextual,application,REQUIRES PRODUCT CONFIRMATION,1111,393,0,0,0,0,0,0
application,tooltip,apps/app/components/connections/database-type-grid.tsx,,Database Type Grid,Contextual tooltip content,Authenticated MantrixFlow users,Verify during page review,See duplicate-content.csv,Verify during page review,Review,Review in context,Yes or contextual,application,KEEP AND IMPROVE,262,95,0,1,0,0,0,0
application,component,apps/app/components/connections/role-toggle.tsx,,Role Toggle,Reusable content for Role Toggle,Authenticated MantrixFlow users,Verify during page review,See duplicate-content.csv,Verify during page review,Review,Review in context,Yes or contextual,application,KEEP AND IMPROVE,126,57,0,0,0,0,0,0
application,component,apps/app/components/data-pipelines/data-preview-table.tsx,,Data Preview Table,Reusable content for Data Preview Table,Authenticated MantrixFlow users,Verify during page review,See duplicate-content.csv,Verify during page review,Review,Review in context,Yes or contextual,application,KEEP AND IMPROVE,611,228,0,0,0,1,4,0
application,component,apps/app/components/data-pipelines/destination-badge-group.tsx,,Destination Badge Group,Reusable content for Destination Badge Group,Authenticated MantrixFlow users,Verify during page review,See duplicate-content.csv,Verify during page review,Review,Review in context,Yes or contextual,application,KEEP AND IMPROVE,177,64,0,0,0,0,0,0
application,component,apps/app/components/data-pipelines/destination-transformation-navigator.tsx,,Destination Transformation Navigator,Reusable content for Destination Transformation Navigator,Authenticated MantrixFlow users,Unverified,See duplicate-content.csv,Possible,Review,Review in context,Yes or contextual,application,REQUIRES PRODUCT CONFIRMATION,659,249,0,0,0,0,0,0
application,dialog,apps/app/components/data-pipelines/destinations-drawer.tsx,,Destinations Drawer,"Contextual dialog, sheet, or confirmation content",Authenticated MantrixFlow users,Verify during page review,See duplicate-content.csv,Verify during page review,Review,Review in context,Yes or contextual,application,SHORTEN,462,187,3,0,0,0,0,0
application,component,apps/app/components/data-pipelines/incoming-data-tree-view.tsx,,Incoming Data Tree View,Reusable content for Incoming Data Tree View,Authenticated MantrixFlow users,Verify during page review,See duplicate-content.csv,Verify during page review,Review,Review in context,Yes or contextual,application,KEEP AND IMPROVE,483,159,0,0,0,0,0,0
application,component,apps/app/components/data-pipelines/pipeline-run-tracker.tsx,,Pipeline Run Tracker,Reusable content for Pipeline Run Tracker,Authenticated MantrixFlow users,Verify during page review,See duplicate-content.csv,Verify during page review,Review,Review in context,Yes or contextual,application,KEEP AND IMPROVE,857,337,0,0,0,0,2,0
application,component,apps/app/components/data-pipelines/python-script-editor.tsx,,Python Script Editor,Reusable content for Python Script Editor,Authenticated MantrixFlow users,Verify during page review,See duplicate-content.csv,Verify during page review,Review,Review in context,Yes or contextual,application,KEEP AND IMPROVE,533,205,0,0,0,0,0,0
application,component,apps/app/components/data-pipelines/schedule-editor.tsx,,Schedule Editor,Reusable content for Schedule Editor,Authenticated MantrixFlow users,Unverified,See duplicate-content.csv,Possible,Review,Review in context,Yes or contextual,application,REQUIRES PRODUCT CONFIRMATION,465,180,0,0,0,0,0,0
application,component,apps/app/components/data-pipelines/schema-view.tsx,,Schema View,Reusable content for Schema View,Authenticated MantrixFlow users,Verify during page review,See duplicate-content.csv,Verify during page review,Review,Review in context,Yes or contextual,application,KEEP AND IMPROVE,449,196,0,0,0,1,4,0
application,component,apps/app/components/data-sources/add-connector-content.tsx,,Add Connector Content,Reusable content for Add Connector Content,Authenticated MantrixFlow users,Unverified,See duplicate-content.csv,Possible,Review,Review in context,Yes or contextual,application,REQUIRES PRODUCT CONFIRMATION,834,316,0,0,1,1,0,1
application,dialog,apps/app/components/data-sources/connection-sheet.tsx,,Connection Sheet,"Contextual dialog, sheet, or confirmation content",Authenticated MantrixFlow users,Unverified,See duplicate-content.csv,Possible,Likely,Review in context,Yes or contextual,application,REQUIRES PRODUCT CONFIRMATION,1482,579,3,0,5,0,2,0
application,component,apps/app/components/data-sources/connector-icon.tsx,,Connector Icon,Reusable content for Connector Icon,Authenticated MantrixFlow users,Unverified,See duplicate-content.csv,Possible,Review,Review in context,Yes or contextual,application,REQUIRES PRODUCT CONFIRMATION,531,244,0,0,0,0,0,0
application,content-source,apps/app/components/data-sources/constants.ts,,Constants,Reusable content for Constants,Authenticated MantrixFlow users,Unverified,See duplicate-content.csv,Possible,Likely,Review in context,Yes or contextual,application,REQUIRES PRODUCT CONFIRMATION,2546,1194,0,0,0,0,0,0
application,component,apps/app/components/data-sources/data-source-card-skeleton.tsx,,Data Source Card Skeleton,Reusable content for Data Source Card Skeleton,Authenticated MantrixFlow users,Verify during page review,See duplicate-content.csv,Verify during page review,Review,Review in context,Yes or contextual,application,KEEP AND IMPROVE,158,51,0,0,0,0,12,0
application,component,apps/app/components/data-sources/data-source-card.tsx,,Data Source Card,Reusable content for Data Source Card,Authenticated MantrixFlow users,Unverified,See duplicate-content.csv,Possible,Review,Review in context,Yes or contextual,application,REQUIRES PRODUCT CONFIRMATION,342,130,0,0,0,0,0,1
application,component,apps/app/components/data-sources/data-source-detail.tsx,,Data Source Detail,Reusable content for Data Source Detail,Authenticated MantrixFlow users,Verify during page review,See duplicate-content.csv,Verify during page review,Review,Review in context,Yes or contextual,application,KEEP AND IMPROVE,360,146,0,0,0,0,0,0
application,component,apps/app/components/data-sources/data-source-grid.tsx,,Data Source Grid,Reusable content for Data Source Grid,Authenticated MantrixFlow users,Verify during page review,See duplicate-content.csv,Verify during page review,Review,Review in context,Yes or contextual,application,KEEP AND IMPROVE,134,49,0,0,0,0,0,0
application,dialog,apps/app/components/data-sources/data-source-preview-dialog.tsx,,Data Source Preview Dialog,"Contextual dialog, sheet, or confirmation content",Authenticated MantrixFlow users,Unverified,See duplicate-content.csv,Possible,Review,Review in context,Yes or contextual,application,REQUIRES PRODUCT CONFIRMATION,575,228,3,0,0,1,4,0
application,component,apps/app/components/data-sources/enhanced-result-viewer.tsx,,Enhanced Result Viewer,Reusable content for Enhanced Result Viewer,Authenticated MantrixFlow users,Verify during page review,See duplicate-content.csv,Verify during page review,Review,Review in context,Yes or contextual,application,KEEP AND IMPROVE,775,278,0,0,0,1,0,0
application,component,apps/app/components/data-sources/saas-source-preview.tsx,,Saas Source Preview,Reusable content for Saas Source Preview,Authenticated MantrixFlow users,Verify during page review,See duplicate-content.csv,Verify during page review,Likely,Review in context,Yes or contextual,application,KEEP AND IMPROVE,1956,825,0,0,0,2,3,0
application,component,apps/app/components/data-sources/schema-table-navigation.tsx,,Schema Table Navigation,Reusable content for Schema Table Navigation,Authenticated MantrixFlow users,Unverified,See duplicate-content.csv,Possible,Review,Review in context,Yes or contextual,application,REQUIRES PRODUCT CONFIRMATION,775,272,0,0,0,1,3,0
application,component,apps/app/components/data-sources/source-configuration-panel.tsx,,Source Configuration Panel,Reusable content for Source Configuration Panel,Authenticated MantrixFlow users,Verify during page review,See duplicate-content.csv,Verify during page review,Review,Review in context,Yes or contextual,application,KEEP AND IMPROVE,453,167,0,0,2,1,3,0
application,component,apps/app/components/data-sources/sql-editor.tsx,,Sql Editor,Reusable content for Sql Editor,Authenticated MantrixFlow users,Verify during page review,See duplicate-content.csv,Verify during page review,Review,Review in context,Yes or contextual,application,KEEP AND IMPROVE,115,58,0,0,0,0,0,0
application,component,apps/app/components/data-sources/sql-result-viewer.tsx,,Sql Result Viewer,Reusable content for Sql Result Viewer,Authenticated MantrixFlow users,Verify during page review,See duplicate-content.csv,Verify during page review,Review,Review in context,Yes or contextual,application,KEEP AND IMPROVE,57,21,0,0,0,0,0,0
application,component,apps/app/components/data-sources/table-data-view.tsx,,Table Data View,Reusable content for Table Data View,Authenticated MantrixFlow users,Verify during page review,See duplicate-content.csv,Verify during page review,Review,Review in context,Yes or contextual,application,KEEP AND IMPROVE,140,61,0,0,0,0,0,0
application,component,apps/app/components/data-sources/table-list-view.tsx,,Table List View,Reusable content for Table List View,Authenticated MantrixFlow users,Verify during page review,See duplicate-content.csv,Verify during page review,Review,Review in context,Yes or contextual,application,SHORTEN,341,143,0,0,2,1,0,0
application,component,apps/app/components/data-sources/table-navigation.tsx,,Table Navigation,Reusable content for Table Navigation,Authenticated MantrixFlow users,Unverified,See duplicate-content.csv,Possible,Review,Review in context,Yes or contextual,application,REQUIRES PRODUCT CONFIRMATION,245,104,0,0,0,0,0,0
application,component,apps/app/components/data-sources/utils.tsx,,Utils,Reusable content for Utils,Authenticated MantrixFlow users,Verify during page review,See duplicate-content.csv,Verify during page review,Review,Review in context,Yes or contextual,application,KEEP AND IMPROVE,44,17,0,0,0,0,0,0
application,component,apps/app/components/datasets/dataset-column-selector.tsx,,Dataset Column Selector,Reusable content for Dataset Column Selector,Authenticated MantrixFlow users,Verify during page review,See duplicate-content.csv,Verify during page review,Review,Review in context,Yes or contextual,application,KEEP AND IMPROVE,595,279,0,0,0,0,0,1
application,component,apps/app/components/datasets/existing-datasets-columns.tsx,,Existing Datasets Columns,Reusable content for Existing Datasets Columns,Authenticated MantrixFlow users,Verify during page review,See duplicate-content.csv,Verify during page review,Review,Review in context,Yes or contextual,application,KEEP AND IMPROVE,387,160,0,0,0,0,0,0
application,component,apps/app/components/datasets/existing-datasets-table.tsx,,Existing Datasets Table,Reusable content for Existing Datasets Table,Authenticated MantrixFlow users,Verify during page review,See duplicate-content.csv,Verify during page review,Review,Review in context,Yes or contextual,application,KEEP AND IMPROVE,199,92,0,0,0,1,0,0
application,component,apps/app/components/explorer/e2e-postgres-sql-panel.tsx,,E2e Postgres Sql Panel,Reusable content for E2e Postgres Sql Panel,Authenticated MantrixFlow users,Verify during page review,See duplicate-content.csv,Verify during page review,Review,Review in context,Yes or contextual,application,KEEP AND IMPROVE,277,95,0,0,2,0,0,2
application,component,apps/app/components/explorer/explorer-data-panel.tsx,,Explorer Data Panel,Reusable content for Explorer Data Panel,Authenticated MantrixFlow users,Unverified,See duplicate-content.csv,Possible,Review,Review in context,Yes or contextual,application,REQUIRES PRODUCT CONFIRMATION,762,290,0,0,0,1,0,0
application,component,apps/app/components/explorer/explorer-main-view.tsx,,Explorer Main View,Reusable content for Explorer Main View,Authenticated MantrixFlow users,Verify during page review,See duplicate-content.csv,Verify during page review,Review,Review in context,Yes or contextual,application,KEEP AND IMPROVE,242,98,0,0,0,0,0,0
application,component,apps/app/components/explorer/explorer-query-result-panel.tsx,,Explorer Query Result Panel,Reusable content for Explorer Query Result Panel,Authenticated MantrixFlow users,Verify during page review,See duplicate-content.csv,Verify during page review,Review,Review in context,Yes or contextual,application,KEEP AND IMPROVE,619,224,0,0,0,0,0,0
application,component,apps/app/components/explorer/explorer-run-interceptor.tsx,,Explorer Run Interceptor,Reusable content for Explorer Run Interceptor,Authenticated MantrixFlow users,Verify during page review,See duplicate-content.csv,Verify during page review,Review,Review in context,Yes or contextual,application,KEEP AND IMPROVE,314,145,0,0,0,0,0,0
application,content-source,apps/app/components/explorer/explorer-store.ts,,Explorer Store,Reusable content for Explorer Store,Authenticated MantrixFlow users,Verify during page review,See duplicate-content.csv,Verify during page review,Review,Review in context,Yes or contextual,application,KEEP AND IMPROVE,245,111,0,0,0,0,0,0
application,component,apps/app/components/explorer/sqlrooms-explorer-panel.tsx,,Sqlrooms Explorer Panel,Reusable content for Sqlrooms Explorer Panel,Authenticated MantrixFlow users,Verify during page review,See duplicate-content.csv,Verify during page review,Review,Review in context,Yes or contextual,application,KEEP AND IMPROVE,107,35,0,0,0,0,1,0
application,component,apps/app/components/features/auth/components/auth-error-display.tsx,,Auth Error Display,Reusable content for Auth Error Display,New or returning workspace users,Verify during page review,See duplicate-content.csv,Verify during page review,Review,Review in context,Yes or contextual,application,KEEP AND IMPROVE,110,35,0,0,0,0,0,0
application,component,apps/app/components/features/auth/components/auth-form-header.tsx,,Auth Form Header,Reusable content for Auth Form Header,New or returning workspace users,Verify during page review,See duplicate-content.csv,Verify during page review,Review,Review in context,Yes or contextual,application,KEEP AND IMPROVE,105,33,0,0,0,0,0,0
application,component,apps/app/components/features/auth/components/oauth-buttons.tsx,,Oauth Buttons,Reusable content for Oauth Buttons,New or returning workspace users,Verify during page review,See duplicate-content.csv,Verify during page review,Review,Review in context,Yes or contextual,application,KEEP AND IMPROVE,263,102,0,0,0,0,0,0
application,component,apps/app/components/logo.tsx,,Logo,Reusable content for Logo,Authenticated MantrixFlow users,Unverified,See duplicate-content.csv,Possible,Review,Review in context,Yes or contextual,application,REQUIRES PRODUCT CONFIRMATION,115,40,0,0,0,0,0,0
application,component,apps/app/components/pipeline/RunStatusBadge.tsx,,RunStatusBadge,Reusable content for RunStatusBadge,Authenticated MantrixFlow users,Verify during page review,See duplicate-content.csv,Verify during page review,Review,Review in context,Yes or contextual,application,KEEP AND IMPROVE,136,32,0,0,0,0,0,0
application,component,apps/app/components/pipeline/SyncModeBadge.tsx,,SyncModeBadge,Reusable content for SyncModeBadge,Authenticated MantrixFlow users,Verify during page review,See duplicate-content.csv,Verify during page review,Review,Review in context,Yes or contextual,application,KEEP AND IMPROVE,70,26,0,0,0,0,0,0
application,component,apps/app/components/product-tour/product-tour-provider.tsx,,Product Tour Provider,Reusable content for Product Tour Provider,Authenticated MantrixFlow users,Verify during page review,See duplicate-content.csv,Verify during page review,Likely,Review in context,Yes or contextual,application,KEEP AND IMPROVE,1925,728,0,0,0,0,2,1
application,component,apps/app/components/providers/posthog-identify.tsx,,Posthog Identify,Reusable content for Posthog Identify,Authenticated MantrixFlow users,Verify during page review,See duplicate-content.csv,Verify during page review,Review,Review in context,Yes or contextual,application,KEEP AND IMPROVE,192,57,0,0,0,0,0,0
application,component,apps/app/components/providers/posthog-provider.tsx,,Posthog Provider,Reusable content for Posthog Provider,Authenticated MantrixFlow users,Verify during page review,See duplicate-content.csv,Verify during page review,Review,Review in context,Yes or contextual,application,KEEP AND IMPROVE,121,44,0,0,0,0,0,0
application,component,apps/app/components/shared/StatusIndicator.tsx,,StatusIndicator,Reusable content for StatusIndicator,Authenticated MantrixFlow users,Verify during page review,See duplicate-content.csv,Verify during page review,Review,Review in context,Yes or contextual,application,KEEP AND IMPROVE,447,174,0,0,0,0,0,0
application,component,apps/app/components/shared/action-status-badge.tsx,,Action Status Badge,Reusable content for Action Status Badge,Authenticated MantrixFlow users,Verify during page review,See duplicate-content.csv,Verify during page review,Review,Review in context,Yes or contextual,application,KEEP AND IMPROVE,124,43,0,0,0,0,0,0
application,dialog,apps/app/components/shared/confirmation-modal.tsx,,Confirmation Modal,"Contextual dialog, sheet, or confirmation content",Authenticated MantrixFlow users,Verify during page review,See duplicate-content.csv,Verify during page review,Review,Review in context,Yes or contextual,application,SHORTEN,753,248,3,0,0,0,3,0
application,component,apps/app/components/shared/data-display/timestamp.tsx,,Timestamp,Reusable content for Timestamp,Authenticated MantrixFlow users,Verify during page review,See duplicate-content.csv,Verify during page review,Review,Review in context,Yes or contextual,application,KEEP AND IMPROVE,309,99,0,0,0,0,0,0
application,component,apps/app/components/shared/data-table/data-table-column-header.tsx,,Data Table Column Header,Reusable content for Data Table Column Header,Authenticated MantrixFlow users,Unverified,See duplicate-content.csv,Possible,Review,Review in context,Yes or contextual,application,REQUIRES PRODUCT CONFIRMATION,168,66,0,0,0,0,0,0
application,component,apps/app/components/shared/data-table/data-table-content.tsx,,Data Table Content,Reusable content for Data Table Content,Authenticated MantrixFlow users,Verify during page review,See duplicate-content.csv,Verify during page review,Review,Review in context,Yes or contextual,application,KEEP AND IMPROVE,341,166,0,0,0,2,0,1
application,component,apps/app/components/shared/data-table/data-table-empty-state.tsx,,Data Table Empty State,Reusable content for Data Table Empty State,Authenticated MantrixFlow users,Verify during page review,See duplicate-content.csv,Verify during page review,Review,Review in context,Yes or contextual,application,KEEP AND IMPROVE,44,21,0,0,0,3,0,0
application,component,apps/app/components/shared/data-table/data-table-pagination.tsx,,Data Table Pagination,Reusable content for Data Table Pagination,Authenticated MantrixFlow users,Verify during page review,See duplicate-content.csv,Verify during page review,Review,Review in context,Yes or contextual,application,KEEP AND IMPROVE,243,98,0,0,0,0,0,1
application,component,apps/app/components/shared/data-table/data-table-search.tsx,,Data Table Search,Reusable content for Data Table Search,Authenticated MantrixFlow users,Unverified,See duplicate-content.csv,Possible,Review,Review in context,Yes or contextual,application,REQUIRES PRODUCT CONFIRMATION,64,33,0,0,0,0,0,0
application,component,apps/app/components/shared/data-table/data-table-toolbar.tsx,,Data Table Toolbar,Reusable content for Data Table Toolbar,Authenticated MantrixFlow users,Unverified,See duplicate-content.csv,Possible,Review,Review in context,Yes or contextual,application,REQUIRES PRODUCT CONFIRMATION,89,43,0,0,0,0,0,0
application,component,apps/app/components/shared/data-table/data-table-view-options.tsx,,Data Table View Options,Reusable content for Data Table View Options,Authenticated MantrixFlow users,Verify during page review,See duplicate-content.csv,Verify during page review,Review,Review in context,Yes or contextual,application,KEEP AND IMPROVE,128,65,0,0,0,0,0,0
application,component,apps/app/components/shared/data-table/data-table.tsx,,Data Table,Reusable content for Data Table,Authenticated MantrixFlow users,Unverified,See duplicate-content.csv,Possible,Review,Review in context,Yes or contextual,application,REQUIRES PRODUCT CONFIRMATION,950,406,0,0,0,3,4,0
application,component,apps/app/components/shared/data-table/page-size-select.tsx,,Page Size Select,Reusable content for Page Size Select,Authenticated MantrixFlow users,Verify during page review,See duplicate-content.csv,Verify during page review,Review,Review in context,Yes or contextual,application,KEEP AND IMPROVE,104,58,0,0,0,0,0,0
application,component,apps/app/components/shared/feedback/dashboard-card-skeleton.tsx,,Dashboard Card Skeleton,Reusable content for Dashboard Card Skeleton,Authenticated MantrixFlow users,Verify during page review,See duplicate-content.csv,Verify during page review,Review,Review in context,Yes or contextual,application,KEEP AND IMPROVE,193,63,0,0,0,0,16,0
application,component,apps/app/components/shared/feedback/empty-state.tsx,,Empty State,Reusable content for Empty State,Authenticated MantrixFlow users,Verify during page review,See duplicate-content.csv,Verify during page review,Review,Review in context,Yes or contextual,application,KEEP AND IMPROVE,361,124,0,0,0,8,0,0
application,component,apps/app/components/shared/feedback/error-state.tsx,,Error State,Reusable content for Error State,Authenticated MantrixFlow users,Verify during page review,See duplicate-content.csv,Verify during page review,Review,Review in context,Yes or contextual,application,KEEP AND IMPROVE,287,91,0,0,0,0,0,0
application,component,apps/app/components/shared/feedback/loading-state.tsx,,Loading State,Reusable content for Loading State,Authenticated MantrixFlow users,Unverified,See duplicate-content.csv,Possible,Review,Review in context,Yes or contextual,application,REQUIRES PRODUCT CONFIRMATION,333,100,0,0,0,0,10,0
application,component,apps/app/components/shared/forms/form-actions.tsx,,Form Actions,Reusable content for Form Actions,Authenticated MantrixFlow users,Verify during page review,See duplicate-content.csv,Verify during page review,Review,Review in context,Yes or contextual,application,KEEP AND IMPROVE,225,70,0,0,0,0,1,0
application,component,apps/app/components/shared/forms/form-field-wrapper.tsx,,Form Field Wrapper,Reusable content for Form Field Wrapper,Authenticated MantrixFlow users,Verify during page review,See duplicate-content.csv,Verify during page review,Review,Review in context,Yes or contextual,application,KEEP AND IMPROVE,225,72,0,0,0,0,0,0
application,component,apps/app/components/shared/forms/form-section.tsx,,Form Section,Reusable content for Form Section,Authenticated MantrixFlow users,Verify during page review,See duplicate-content.csv,Verify during page review,Review,Review in context,Yes or contextual,application,KEEP AND IMPROVE,187,61,0,0,0,0,0,0
application,component,apps/app/components/shared/layout/centered-card-layout.tsx,,Centered Card Layout,Reusable content for Centered Card Layout,Authenticated MantrixFlow users,Verify during page review,See duplicate-content.csv,Verify during page review,Review,Review in context,Yes or contextual,application,KEEP AND IMPROVE,125,42,0,0,0,0,0,0
application,component,apps/app/components/shared/layout/page-container.tsx,,Page Container,Reusable content for Page Container,Authenticated MantrixFlow users,Verify during page review,See duplicate-content.csv,Verify during page review,Review,Review in context,Yes or contextual,application,KEEP AND IMPROVE,127,44,0,0,0,0,0,0
application,component,apps/app/components/shared/layout/page-header.tsx,,Page Header,Reusable content for Page Header,Authenticated MantrixFlow users,Verify during page review,See duplicate-content.csv,Verify during page review,Review,Review in context,Yes or contextual,application,KEEP AND IMPROVE,333,118,0,0,0,0,0,0
application,component,apps/app/components/shared/layout/section.tsx,,Section,Reusable content for Section,Authenticated MantrixFlow users,Verify during page review,See duplicate-content.csv,Verify during page review,Review,Review in context,Yes or contextual,application,KEEP AND IMPROVE,214,69,0,0,0,0,0,0
application,component,apps/app/components/shared/layout/theme-toggle.tsx,,Theme Toggle,Reusable content for Theme Toggle,Authenticated MantrixFlow users,Verify during page review,See duplicate-content.csv,Verify during page review,Review,Review in context,Yes or contextual,application,KEEP AND IMPROVE,264,104,0,0,0,0,0,0
application,component,apps/app/components/shared/metric-card.tsx,,Metric Card,Reusable content for Metric Card,Authenticated MantrixFlow users,Verify during page review,See duplicate-content.csv,Verify during page review,Review,Review in context,Yes or contextual,application,KEEP AND IMPROVE,174,53,0,0,0,0,0,0
application,component,apps/app/components/shared/navigation/back-button.tsx,,Back Button,Reusable content for Back Button,Authenticated MantrixFlow users,Verify during page review,See duplicate-content.csv,Verify during page review,Review,Review in context,Yes or contextual,application,KEEP AND IMPROVE,183,59,0,0,0,0,0,0
application,tooltip,apps/app/components/shared/navigation/progress-steps.tsx,,Progress Steps,Contextual tooltip content,Authenticated MantrixFlow users,Verify during page review,See duplicate-content.csv,Verify during page review,Review,Review in context,Yes or contextual,application,KEEP AND IMPROVE,322,106,0,1,0,0,0,0
application,component,apps/app/components/shared/navigation/step-indicator.tsx,,Step Indicator,Reusable content for Step Indicator,Authenticated MantrixFlow users,Verify during page review,See duplicate-content.csv,Verify during page review,Review,Review in context,Yes or contextual,application,KEEP AND IMPROVE,289,103,0,0,0,0,0,0
application,component,apps/app/components/shared/role-select.tsx,,Role Select,Reusable content for Role Select,Authenticated MantrixFlow users,Verify during page review,See duplicate-content.csv,Verify during page review,Review,Review in context,Yes or contextual,application,KEEP AND IMPROVE,333,123,0,0,0,0,0,0
application,dialog,apps/app/components/shared/sheet/form-sheet.tsx,,Form Sheet,"Contextual dialog, sheet, or confirmation content",Authenticated MantrixFlow users,Verify during page review,See duplicate-content.csv,Verify during page review,Review,Review in context,Yes or contextual,application,SHORTEN,144,73,3,0,0,0,0,0
application,component,apps/app/components/shared/skeletons/app-header-skeleton.tsx,,App Header Skeleton,Reusable content for App Header Skeleton,Authenticated MantrixFlow users,Verify during page review,See duplicate-content.csv,Verify during page review,Review,Review in context,Yes or contextual,application,KEEP AND IMPROVE,220,67,0,0,0,0,15,0
application,component,apps/app/components/shared/skeletons/dashboard-skeleton.tsx,,Dashboard Skeleton,Reusable content for Dashboard Skeleton,Authenticated MantrixFlow users,Unverified,See duplicate-content.csv,Possible,Review,Review in context,Yes or contextual,application,REQUIRES PRODUCT CONFIRMATION,330,113,0,0,0,0,23,0
application,component,apps/app/components/shared/skeletons/inline-skeleton.tsx,,Inline Skeleton,Reusable content for Inline Skeleton,Authenticated MantrixFlow users,Unverified,See duplicate-content.csv,Possible,Review,Review in context,Yes or contextual,application,REQUIRES PRODUCT CONFIRMATION,239,79,0,0,0,0,12,0
application,component,apps/app/components/shared/skeletons/logs-skeleton.tsx,,Logs Skeleton,Reusable content for Logs Skeleton,Authenticated MantrixFlow users,Verify during page review,See duplicate-content.csv,Verify during page review,Review,Review in context,Yes or contextual,application,KEEP AND IMPROVE,215,60,0,0,0,0,21,0
application,component,apps/app/components/shared/skeletons/page-header-skeleton.tsx,,Page Header Skeleton,Reusable content for Page Header Skeleton,Authenticated MantrixFlow users,Verify during page review,See duplicate-content.csv,Verify during page review,Review,Review in context,Yes or contextual,application,KEEP AND IMPROVE,205,58,0,0,0,0,16,0
application,component,apps/app/components/shared/skeletons/settings-skeleton.tsx,,Settings Skeleton,Reusable content for Settings Skeleton,Authenticated MantrixFlow users,Unverified,See duplicate-content.csv,Possible,Review,Review in context,Yes or contextual,application,REQUIRES PRODUCT CONFIRMATION,233,75,0,0,0,0,16,0
application,component,apps/app/components/shared/skeletons/table-skeleton.tsx,,Table Skeleton,Reusable content for Table Skeleton,Authenticated MantrixFlow users,Verify during page review,See duplicate-content.csv,Verify during page review,Review,Review in context,Yes or contextual,application,KEEP AND IMPROVE,312,96,0,0,0,0,16,0
application,component,apps/app/components/shared/surface.tsx,,Surface,Reusable content for Surface,Authenticated MantrixFlow users,Verify during page review,See duplicate-content.csv,Verify during page review,Review,Review in context,Yes or contextual,application,KEEP AND IMPROVE,189,86,0,0,0,0,0,0
application,component,apps/app/components/theme-provider.tsx,,Theme Provider,Reusable content for Theme Provider,Authenticated MantrixFlow users,Verify during page review,See duplicate-content.csv,Verify during page review,Review,Review in context,Yes or contextual,application,KEEP AND IMPROVE,132,39,0,0,0,0,0,0
application,component,apps/app/components/theme/color-picker.tsx,,Color Picker,Reusable content for Color Picker,Authenticated MantrixFlow users,Unverified,See duplicate-content.csv,Possible,Review,Review in context,Yes or contextual,application,REQUIRES PRODUCT CONFIRMATION,329,153,0,0,0,0,0,0
application,component,apps/app/components/theme/font-selector.tsx,,Font Selector,Reusable content for Font Selector,Authenticated MantrixFlow users,Unverified,See duplicate-content.csv,Possible,Review,Review in context,Yes or contextual,application,REQUIRES PRODUCT CONFIRMATION,893,351,0,0,0,1,4,0
application,component,apps/app/components/theme/theme-customizer.tsx,,Theme Customizer,Reusable content for Theme Customizer,Authenticated MantrixFlow users,Verify during page review,See duplicate-content.csv,Verify during page review,Review,Review in context,Yes or contextual,application,KEEP AND IMPROVE,597,262,0,0,3,0,0,0
application,component,apps/app/components/theme/theme-preview.tsx,,Heading 1,Reusable content for Heading 1,Authenticated MantrixFlow users,Unverified,See duplicate-content.csv,Possible,Review,Review in context,Yes or contextual,application,REQUIRES PRODUCT CONFIRMATION,267,119,0,0,0,0,0,1
application,dialog,apps/app/components/workspace/activity-log-detail-sheet.tsx,,Activity Log Detail Sheet,"Contextual dialog, sheet, or confirmation content",Authenticated MantrixFlow users,Verify during page review,See duplicate-content.csv,Verify during page review,Review,Review in context,Yes or contextual,application,SHORTEN,358,170,2,0,0,0,0,0
application,dialog,apps/app/components/workspace/data-dialog.tsx,,Data Dialog,"Contextual dialog, sheet, or confirmation content",Authenticated MantrixFlow users,Unverified,See duplicate-content.csv,Possible,Review,Review in context,Yes or contextual,application,REQUIRES PRODUCT CONFIRMATION,568,234,2,0,0,2,0,0
application,component,apps/app/components/workspace/data-panel.tsx,,Data Panel,Reusable content for Data Panel,Authenticated MantrixFlow users,Unverified,See duplicate-content.csv,Possible,Review,Review in context,Yes or contextual,application,REQUIRES PRODUCT CONFIRMATION,642,229,0,0,0,1,0,0
application,component,apps/app/components/workspace/global-search.tsx,,Global Search,Reusable content for Global Search,Authenticated MantrixFlow users,Unverified,See duplicate-content.csv,Possible,Review,Review in context,Yes or contextual,application,REQUIRES PRODUCT CONFIRMATION,943,349,0,0,0,1,5,2
application,dialog,apps/app/components/workspace/keyboard-shortcuts-dialog.tsx,,Keyboard Shortcuts Dialog,"Contextual dialog, sheet, or confirmation content",Authenticated MantrixFlow users,Verify during page review,See duplicate-content.csv,Verify during page review,Review,Review in context,Yes or contextual,application,SHORTEN,320,142,3,1,0,0,0,0
application,dialog,apps/app/components/workspace/notification-sheet.tsx,,Notification Sheet,"Contextual dialog, sheet, or confirmation content",Authenticated MantrixFlow users,Verify during page review,See duplicate-content.csv,Verify during page review,Review,Review in context,Yes or contextual,application,SHORTEN,875,339,2,0,0,0,0,0
application,component,apps/app/components/workspace/notifications/workspace-notifications-popover.tsx,,Workspace Notifications Popover,Reusable content for Workspace Notifications Popover,Authenticated MantrixFlow users,Verify during page review,See duplicate-content.csv,Verify during page review,Review,Review in context,Yes or contextual,application,KEEP AND IMPROVE,666,255,0,0,0,1,0,0
application,tooltip,apps/app/components/workspace/workspace-sidebar.tsx,,Workspace Sidebar,Contextual tooltip content,Authenticated MantrixFlow users,Verify during page review,See duplicate-content.csv,Verify during page review,Likely,Review in context,Yes or contextual,application,KEEP AND IMPROVE,1387,590,0,1,0,0,2,0
application,component,apps/app/components/workspace/workspace-topbar.tsx,,Workspace Topbar,Reusable content for Workspace Topbar,Authenticated MantrixFlow users,Verify during page review,See duplicate-content.csv,Verify during page review,Review,Review in context,Yes or contextual,application,SHORTEN,509,193,0,0,0,0,0,0
application,content-source,apps/app/lib/actions/auth.ts,,Auth,Reusable content for Auth,Authenticated MantrixFlow users,Verify during page review,See duplicate-content.csv,Verify during page review,Likely,Review in context,Yes or contextual,application,KEEP AND IMPROVE,2416,814,0,0,0,2,0,1
application,content-source,apps/app/lib/actions/dataset.ts,,Dataset,Reusable content for Dataset,Authenticated MantrixFlow users,Verify during page review,See duplicate-content.csv,Verify during page review,Review,Review in context,Yes or contextual,application,KEEP AND IMPROVE,263,83,0,0,0,0,0,0
application,content-source,apps/app/lib/actions/onboarding.ts,,Onboarding,Reusable content for Onboarding,Authenticated MantrixFlow users,Verify during page review,See duplicate-content.csv,Verify during page review,Review,Review in context,Yes or contextual,application,KEEP AND IMPROVE,449,149,0,0,0,0,0,0
application,content-source,apps/app/lib/actions/team.ts,,Team,Reusable content for Team,Authenticated MantrixFlow users,Verify during page review,See duplicate-content.csv,Verify during page review,Review,Review in context,Yes or contextual,application,KEEP AND IMPROVE,1183,370,0,0,0,0,0,0
application,content-source,apps/app/lib/analytics/formatters.ts,,Formatters,Reusable content for Formatters,Authenticated MantrixFlow users,Verify during page review,See duplicate-content.csv,Verify during page review,Review,Review in context,Yes or contextual,application,KEEP AND IMPROVE,463,141,0,0,0,0,0,0
application,component,apps/app/lib/api/EXAMPLE_USAGE.tsx,,EXAMPLE USAGE,Reusable content for EXAMPLE USAGE,Authenticated MantrixFlow users,Unverified,See duplicate-content.csv,Possible,Review,Review in context,Yes or contextual,application,REQUIRES PRODUCT CONFIRMATION,631,218,0,0,0,0,2,0
application,content-source,apps/app/lib/api/client.ts,,Client,Reusable content for Client,Authenticated MantrixFlow users,Verify during page review,See duplicate-content.csv,Verify during page review,Review,Review in context,Yes or contextual,application,KEEP AND IMPROVE,1063,388,0,0,0,0,0,0
application,content-source,apps/app/lib/api/config.ts,,Config,Reusable content for Config,Authenticated MantrixFlow users,Verify during page review,See duplicate-content.csv,Verify during page review,Review,Review in context,Yes or contextual,application,KEEP AND IMPROVE,355,105,0,0,0,0,0,0
application,content-source,apps/app/lib/api/error-handler.ts,,Error Handler,Reusable content for Error Handler,Authenticated MantrixFlow users,Verify during page review,See duplicate-content.csv,Verify during page review,Review,Review in context,Yes or contextual,application,KEEP AND IMPROVE,190,52,0,0,1,0,0,0
application,content-source,apps/app/lib/api/hooks/use-analytics.ts,,Use Analytics,Reusable content for Use Analytics,Authenticated MantrixFlow users,Verify during page review,See duplicate-content.csv,Verify during page review,Review,Review in context,Yes or contextual,application,KEEP AND IMPROVE,455,180,0,0,0,0,0,0
application,content-source,apps/app/lib/api/hooks/use-billing.ts,,Use Billing,Reusable content for Use Billing,Authenticated MantrixFlow users,Verify during page review,See duplicate-content.csv,Verify during page review,Review,Review in context,Yes or contextual,application,KEEP AND IMPROVE,349,114,0,0,0,0,0,0
application,content-source,apps/app/lib/api/hooks/use-connection.ts,,Use Connection,Reusable content for Use Connection,Authenticated MantrixFlow users,Verify during page review,See duplicate-content.csv,Verify during page review,Review,Review in context,Yes or contextual,application,KEEP AND IMPROVE,811,293,0,0,0,0,0,0
application,content-source,apps/app/lib/api/hooks/use-dashboard.ts,,Use Dashboard,Reusable content for Use Dashboard,Authenticated MantrixFlow users,Verify during page review,See duplicate-content.csv,Verify during page review,Review,Review in context,Yes or contextual,application,KEEP AND IMPROVE,111,37,0,0,0,0,0,0
application,content-source,apps/app/lib/api/hooks/use-data-pipelines.ts,,Use Data Pipelines,Reusable content for Use Data Pipelines,Authenticated MantrixFlow users,Unverified,See duplicate-content.csv,Possible,Likely,Review in context,Yes or contextual,application,REQUIRES PRODUCT CONFIRMATION,2587,976,0,0,0,0,0,1
application,content-source,apps/app/lib/api/hooks/use-data-source.ts,,Use Data Source,Reusable content for Use Data Source,Authenticated MantrixFlow users,Unverified,See duplicate-content.csv,Possible,Review,Review in context,Yes or contextual,application,REQUIRES PRODUCT CONFIRMATION,1051,335,0,0,0,0,0,0
application,content-source,apps/app/lib/api/hooks/use-data-sources.ts,,Use Data Sources,Reusable content for Use Data Sources,Authenticated MantrixFlow users,Unverified,See duplicate-content.csv,Possible,Likely,Review in context,Yes or contextual,application,REQUIRES PRODUCT CONFIRMATION,1833,669,0,0,0,0,0,0
application,content-source,apps/app/lib/api/hooks/use-destination-schemas.ts,,Use Destination Schemas,Reusable content for Use Destination Schemas,Authenticated MantrixFlow users,Unverified,See duplicate-content.csv,Possible,Likely,Review in context,Yes or contextual,application,REQUIRES PRODUCT CONFIRMATION,1409,524,0,0,0,0,0,0
application,content-source,apps/app/lib/api/hooks/use-github.ts,,Use Github,Reusable content for Use Github,Authenticated MantrixFlow users,Verify during page review,See duplicate-content.csv,Verify during page review,Review,Review in context,Yes or contextual,application,KEEP AND IMPROVE,889,323,0,0,0,0,0,0
application,content-source,apps/app/lib/api/hooks/use-global-search.ts,,Use Global Search,Reusable content for Use Global Search,Authenticated MantrixFlow users,Verify during page review,See duplicate-content.csv,Verify during page review,Review,Review in context,Yes or contextual,application,KEEP AND IMPROVE,97,30,0,0,0,0,0,0
application,content-source,apps/app/lib/api/hooks/use-organization-members.ts,,Use Organization Members,Reusable content for Use Organization Members,Authenticated MantrixFlow users,Unverified,See duplicate-content.csv,Possible,Review,Review in context,Yes or contextual,application,REQUIRES PRODUCT CONFIRMATION,576,211,0,0,0,0,0,0
application,content-source,apps/app/lib/api/hooks/use-organizations.ts,,Use Organizations,Reusable content for Use Organizations,Authenticated MantrixFlow users,Unverified,See duplicate-content.csv,Possible,Review,Review in context,Yes or contextual,application,REQUIRES PRODUCT CONFIRMATION,613,266,0,0,0,0,0,0
application,content-source,apps/app/lib/api/hooks/use-slack.ts,,Use Slack,Reusable content for Use Slack,Authenticated MantrixFlow users,Verify during page review,See duplicate-content.csv,Verify during page review,Review,Review in context,Yes or contextual,application,KEEP AND IMPROVE,473,177,0,0,0,0,0,0
application,content-source,apps/app/lib/api/hooks/use-source-schemas.ts,,Use Source Schemas,Reusable content for Use Source Schemas,Authenticated MantrixFlow users,Unverified,See duplicate-content.csv,Possible,Review,Review in context,Yes or contextual,application,REQUIRES PRODUCT CONFIRMATION,1197,406,0,0,0,0,0,0
application,content-source,apps/app/lib/api/hooks/use-usage.ts,,Use Usage,Reusable content for Use Usage,Authenticated MantrixFlow users,Verify during page review,See duplicate-content.csv,Verify during page review,Review,Review in context,Yes or contextual,application,KEEP AND IMPROVE,137,45,0,0,0,0,0,0
application,content-source,apps/app/lib/api/hooks/use-users.ts,,Use Users,Reusable content for Use Users,Authenticated MantrixFlow users,Verify during page review,See duplicate-content.csv,Verify during page review,Review,Review in context,Yes or contextual,application,KEEP AND IMPROVE,337,116,0,0,0,0,2,0
application,content-source,apps/app/lib/api/plan-limit-events.ts,,Plan Limit Events,Reusable content for Plan Limit Events,Authenticated MantrixFlow users,Verify during page review,See duplicate-content.csv,Verify during page review,Review,Review in context,Yes or contextual,application,KEEP AND IMPROVE,298,113,0,0,0,0,0,0
application,content-source,apps/app/lib/api/services/activity-logs.service.ts,,Activity Logs.Service,Reusable content for Activity Logs.Service,Authenticated MantrixFlow users,Verify during page review,See duplicate-content.csv,Verify during page review,Review,Review in context,Yes or contextual,application,KEEP AND IMPROVE,187,79,0,0,0,0,0,0
application,content-source,apps/app/lib/api/services/connection.service.ts,,Connection.Service,Reusable content for Connection.Service,Authenticated MantrixFlow users,Verify during page review,See duplicate-content.csv,Verify during page review,Review,Review in context,Yes or contextual,application,KEEP AND IMPROVE,579,228,0,0,0,0,0,0
application,content-source,apps/app/lib/api/services/data-pipelines.service.ts,,Data Pipelines.Service,Reusable content for Data Pipelines.Service,Authenticated MantrixFlow users,Verify during page review,See duplicate-content.csv,Verify during page review,Likely,Review in context,Yes or contextual,application,KEEP AND IMPROVE,1219,587,0,0,0,0,0,0
application,content-source,apps/app/lib/api/services/data-source.service.ts,,Data Source.Service,Reusable content for Data Source.Service,Authenticated MantrixFlow users,Verify during page review,See duplicate-content.csv,Verify during page review,Review,Review in context,Yes or contextual,application,KEEP AND IMPROVE,633,229,0,0,0,0,0,0
application,content-source,apps/app/lib/api/services/data-sources.service.ts,,Data Sources.Service,Reusable content for Data Sources.Service,Authenticated MantrixFlow users,Verify during page review,See duplicate-content.csv,Verify during page review,Likely,Review in context,Yes or contextual,application,KEEP AND IMPROVE,4419,1625,0,0,0,0,0,5
application,content-source,apps/app/lib/api/services/elt.service.ts,,Elt.Service,Reusable content for Elt.Service,Authenticated MantrixFlow users,Verify during page review,See duplicate-content.csv,Verify during page review,Review,Review in context,Yes or contextual,application,KEEP AND IMPROVE,185,71,0,0,0,0,0,0
application,content-source,apps/app/lib/api/services/email-jobs.service.ts,,Email Jobs.Service,Reusable content for Email Jobs.Service,Authenticated MantrixFlow users,Verify during page review,See duplicate-content.csv,Verify during page review,Review,Review in context,Yes or contextual,application,KEEP AND IMPROVE,169,75,0,0,0,0,0,0
application,content-source,apps/app/lib/api/services/notifications.service.ts,,Notifications.Service,Reusable content for Notifications.Service,Authenticated MantrixFlow users,Verify during page review,See duplicate-content.csv,Verify during page review,Review,Review in context,Yes or contextual,application,KEEP AND IMPROVE,249,91,0,0,0,0,0,0
application,content-source,apps/app/lib/api/services/python-elt.service.ts,,Python Elt.Service,Reusable content for Python Elt.Service,Authenticated MantrixFlow users,Verify during page review,See duplicate-content.csv,Verify during page review,Review,Review in context,Yes or contextual,application,KEEP AND IMPROVE,1045,349,0,0,0,1,0,0
application,content-source,apps/app/lib/api/services/search.service.ts,,Search.Service,Reusable content for Search.Service,Authenticated MantrixFlow users,Verify during page review,See duplicate-content.csv,Verify during page review,Review,Review in context,Yes or contextual,application,KEEP AND IMPROVE,107,48,0,0,0,0,0,0
application,content-source,apps/app/lib/api/services/source-schemas.service.ts,,Source Schemas.Service,Reusable content for Source Schemas.Service,Authenticated MantrixFlow users,Verify during page review,See duplicate-content.csv,Verify during page review,Review,Review in context,Yes or contextual,application,KEEP AND IMPROVE,497,238,0,0,0,0,0,0
application,content-source,apps/app/lib/api/types/activity-logs.ts,,Activity Logs,Reusable content for Activity Logs,Authenticated MantrixFlow users,Verify during page review,See duplicate-content.csv,Verify during page review,Review,Review in context,Yes or contextual,application,KEEP AND IMPROVE,165,55,0,0,0,0,0,0
application,content-source,apps/app/lib/api/types/analytics.ts,,Analytics,Reusable content for Analytics,Authenticated MantrixFlow users,Verify during page review,See duplicate-content.csv,Verify during page review,Review,Review in context,Yes or contextual,application,KEEP AND IMPROVE,253,120,0,0,0,0,0,0
application,content-source,apps/app/lib/api/types/billing.ts,,Billing,Reusable content for Billing,Authenticated MantrixFlow users,Verify during page review,See duplicate-content.csv,Verify during page review,Review,Review in context,Yes or contextual,application,KEEP AND IMPROVE,139,59,0,0,0,0,0,0
application,content-source,apps/app/lib/api/types/dashboard.ts,,Dashboard,Reusable content for Dashboard,Authenticated MantrixFlow users,Verify during page review,See duplicate-content.csv,Verify during page review,Review,Review in context,Yes or contextual,application,KEEP AND IMPROVE,110,50,0,0,0,0,0,0
application,content-source,apps/app/lib/api/types/data-pipelines.ts,,Data Pipelines,Reusable content for Data Pipelines,Authenticated MantrixFlow users,Verify during page review,See duplicate-content.csv,Verify during page review,Likely,Review in context,Yes or contextual,application,KEEP AND IMPROVE,1848,758,0,0,0,0,0,0
application,content-source,apps/app/lib/api/types/data-sources.ts,,Data Sources,Reusable content for Data Sources,Authenticated MantrixFlow users,Verify during page review,See duplicate-content.csv,Verify during page review,Review,Review in context,Yes or contextual,application,KEEP AND IMPROVE,1140,487,0,0,0,0,0,1
application,content-source,apps/app/lib/api/types/github.ts,,Github,Reusable content for Github,Authenticated MantrixFlow users,Verify during page review,See duplicate-content.csv,Verify during page review,Review,Review in context,Yes or contextual,application,KEEP AND IMPROVE,184,87,0,0,0,0,0,0
application,content-source,apps/app/lib/api/types/usage.ts,,Usage,Reusable content for Usage,Authenticated MantrixFlow users,Verify during page review,See duplicate-content.csv,Verify during page review,Review,Review in context,Yes or contextual,application,KEEP AND IMPROVE,88,36,0,0,0,0,0,0
application,content-source,apps/app/lib/api/utils/map-supabase-pipeline-run-row.ts,,Map Supabase Pipeline Run Row,Reusable content for Map Supabase Pipeline Run Row,Authenticated MantrixFlow users,Verify during page review,See duplicate-content.csv,Verify during page review,Review,Review in context,Yes or contextual,application,KEEP AND IMPROVE,254,75,0,0,0,0,0,0
application,content-source,apps/app/lib/constants/data-pipelines.ts,,Data Pipelines,Reusable content for Data Pipelines,Authenticated MantrixFlow users,Unverified,See duplicate-content.csv,Possible,Review,Review in context,Yes or contextual,application,REQUIRES PRODUCT CONFIRMATION,845,391,0,0,0,0,0,0
application,content-source,apps/app/lib/constants/roles.ts,,Roles,Reusable content for Roles,Authenticated MantrixFlow users,Verify during page review,See duplicate-content.csv,Verify during page review,Review,Review in context,Yes or contextual,application,KEEP AND IMPROVE,114,34,0,0,0,0,0,0
application,content-source,apps/app/lib/explorer/execute-e2e-postgres-sql.ts,,Execute E2e Postgres Sql,Reusable content for Execute E2e Postgres Sql,Authenticated MantrixFlow users,Verify during page review,See duplicate-content.csv,Verify during page review,Review,Review in context,Yes or contextual,application,KEEP AND IMPROVE,228,76,0,0,0,0,0,0
application,content-source,apps/app/lib/explorer/execute-remote-query.ts,,Execute Remote Query,Reusable content for Execute Remote Query,Authenticated MantrixFlow users,Verify during page review,See duplicate-content.csv,Verify during page review,Review,Review in context,Yes or contextual,application,KEEP AND IMPROVE,367,138,0,0,0,0,0,0
application,component,apps/app/lib/explorer/explorer-context.tsx,,Explorer Context,Reusable content for Explorer Context,Authenticated MantrixFlow users,Verify during page review,See duplicate-content.csv,Verify during page review,Review,Review in context,Yes or contextual,application,KEEP AND IMPROVE,175,56,0,0,0,0,0,0
application,content-source,apps/app/lib/explorer/load-explorer-data.ts,,Load Explorer Data,Reusable content for Load Explorer Data,Authenticated MantrixFlow users,Verify during page review,See duplicate-content.csv,Verify during page review,Review,Review in context,Yes or contextual,application,KEEP AND IMPROVE,259,75,0,0,0,0,0,0
application,content-source,apps/app/lib/pipelines/scheduling.ts,,Scheduling,Reusable content for Scheduling,Authenticated MantrixFlow users,Verify during page review,See duplicate-content.csv,Verify during page review,Review,Review in context,Yes or contextual,application,KEEP AND IMPROVE,308,82,0,0,0,0,0,0
application,content-source,apps/app/lib/pipelines/schema-table.ts,,Schema Table,Reusable content for Schema Table,Authenticated MantrixFlow users,Unverified,See duplicate-content.csv,Possible,Review,Review in context,Yes or contextual,application,REQUIRES PRODUCT CONFIRMATION,622,195,0,0,0,0,0,0
application,component,apps/app/lib/providers/query-provider.tsx,,Query Provider,Reusable content for Query Provider,Authenticated MantrixFlow users,Verify during page review,See duplicate-content.csv,Verify during page review,Review,Review in context,Yes or contextual,application,KEEP AND IMPROVE,173,58,0,0,0,0,0,0
application,content-source,apps/app/lib/supabase/client.ts,,Client,Reusable content for Client,Authenticated MantrixFlow users,Verify during page review,See duplicate-content.csv,Verify during page review,Review,Review in context,Yes or contextual,application,KEEP AND IMPROVE,66,23,0,0,0,0,0,0
application,content-source,apps/app/lib/supabase/middleware.ts,,Middleware,Reusable content for Middleware,Authenticated MantrixFlow users,Verify during page review,See duplicate-content.csv,Verify during page review,Review,Review in context,Yes or contextual,application,KEEP AND IMPROVE,352,81,0,0,0,0,0,0
application,content-source,apps/app/lib/supabase/server.ts,,Server,Reusable content for Server,Authenticated MantrixFlow users,Verify during page review,See duplicate-content.csv,Verify during page review,Review,Review in context,Yes or contextual,application,KEEP AND IMPROVE,109,35,0,0,0,0,0,0
application,content-source,apps/app/lib/types/data-sources.ts,,Data Sources,Reusable content for Data Sources,Authenticated MantrixFlow users,Verify during page review,See duplicate-content.csv,Verify during page review,Review,Review in context,Yes or contextual,application,KEEP AND IMPROVE,423,178,0,0,0,0,0,0
application,content-source,apps/app/lib/utils/google-fonts.ts,,Google Fonts,Reusable content for Google Fonts,Authenticated MantrixFlow users,Verify during page review,See duplicate-content.csv,Verify during page review,Review,Review in context,Yes or contextual,application,KEEP AND IMPROVE,695,253,0,0,0,0,0,0
application,content-source,apps/app/lib/utils/toast.ts,,Toast,Reusable content for Toast,Authenticated MantrixFlow users,Verify during page review,See duplicate-content.csv,Verify during page review,Likely,Review in context,Yes or contextual,application,KEEP AND IMPROVE,1261,368,0,0,8,0,0,0
application,content-source,apps/app/lib/validations/auth.ts,,Auth,Reusable content for Auth,Authenticated MantrixFlow users,Verify during page review,See duplicate-content.csv,Verify during page review,Review,Review in context,Yes or contextual,application,KEEP AND IMPROVE,361,100,0,0,0,0,0,0
documentation,article,apps/mantrixflow-docs/README.md,,MantrixFlow documentation (Mintlify),Technical guidance: MantrixFlow documentation (Mintlify),Technical product users and administrators,Verify during page review,See duplicate-content.csv,Verify during page review,Review,Review in context,Not workflow-bound,documentation,KEEP AND IMPROVE,186,43,0,0,0,0,0,0
documentation,article,apps/mantrixflow-docs/billing-breakdown.mdx,,Billing and usage,Technical guidance: Billing and usage,Technical product users and administrators,Verify during page review,See duplicate-content.csv,Verify during page review,Review,Review in context,Not workflow-bound,documentation,KEEP AND IMPROVE,318,49,0,0,0,0,0,2
documentation,article,apps/mantrixflow-docs/changelog.mdx,,Changelog,Technical guidance: Changelog,Technical product users and administrators,Verify during page review,See duplicate-content.csv,Verify during page review,Review,Review in context,Not workflow-bound,documentation,KEEP AND IMPROVE,254,42,0,0,0,0,0,9
documentation,article,apps/mantrixflow-docs/connections/destinations/cockroachdb.mdx,,CockroachDB destination,Technical guidance: CockroachDB destination,Technical product users and administrators,Verify during page review,See duplicate-content.csv,Verify during page review,Review,Review in context,Not workflow-bound,documentation,KEEP AND IMPROVE,73,11,0,0,0,0,0,3
documentation,article,apps/mantrixflow-docs/connections/destinations/mariadb.mdx,,MariaDB destination,Technical guidance: MariaDB destination,Technical product users and administrators,Verify during page review,See duplicate-content.csv,Verify during page review,Review,Review in context,Not workflow-bound,documentation,KEEP AND IMPROVE,73,11,0,0,0,0,0,3
documentation,article,apps/mantrixflow-docs/connections/destinations/mysql.mdx,,MySQL destination,Technical guidance: MySQL destination,Technical product users and administrators,Verify during page review,See duplicate-content.csv,Verify during page review,Review,Review in context,Not workflow-bound,documentation,KEEP AND IMPROVE,73,11,0,0,0,0,0,3
documentation,article,apps/mantrixflow-docs/connections/destinations/postgresql.mdx,,PostgreSQL destination,Technical guidance: PostgreSQL destination,Technical product users and administrators,Verify during page review,See duplicate-content.csv,Verify during page review,Review,Review in context,Not workflow-bound,documentation,KEEP AND IMPROVE,264,52,0,0,0,0,0,3
documentation,article,apps/mantrixflow-docs/connections/destinations/sqlite.mdx,,SQLite destination,Technical guidance: SQLite destination,Technical product users and administrators,Verify during page review,See duplicate-content.csv,Verify during page review,Review,Review in context,Not workflow-bound,documentation,KEEP AND IMPROVE,73,11,0,0,0,0,0,3
documentation,article,apps/mantrixflow-docs/connections/overview.mdx,,Connections Overview,Technical guidance: Connections Overview,Technical product users and administrators,Verify during page review,See duplicate-content.csv,Verify during page review,Review,Review in context,Not workflow-bound,documentation,KEEP AND IMPROVE,283,53,0,0,0,0,0,8
documentation,article,apps/mantrixflow-docs/connections/private-database-access.mdx,,Private database access,Technical guidance: Private database access,Technical product users and administrators,Verify during page review,See duplicate-content.csv,Verify during page review,Review,Review in context,Not workflow-bound,documentation,KEEP AND IMPROVE,531,69,0,0,0,0,0,3
documentation,article,apps/mantrixflow-docs/connections/sources/crm/hubspot.mdx,,HubSpot source,Technical guidance: HubSpot source,Technical product users and administrators,Verify during page review,See duplicate-content.csv,Verify during page review,Review,Review in context,Not workflow-bound,documentation,KEEP AND IMPROVE,824,124,0,0,0,0,0,0
documentation,article,apps/mantrixflow-docs/connections/sources/database/cockroachdb.mdx,,CockroachDB source,Technical guidance: CockroachDB source,Technical product users and administrators,Verify during page review,See duplicate-content.csv,Verify during page review,Review,Review in context,Not workflow-bound,documentation,KEEP AND IMPROVE,72,11,0,0,0,0,0,3
documentation,article,apps/mantrixflow-docs/connections/sources/database/mariadb.mdx,,MariaDB source,Technical guidance: MariaDB source,Technical product users and administrators,Verify during page review,See duplicate-content.csv,Verify during page review,Review,Review in context,Not workflow-bound,documentation,KEEP AND IMPROVE,72,11,0,0,0,0,0,3
documentation,article,apps/mantrixflow-docs/connections/sources/database/mysql.mdx,,MySQL source,Technical guidance: MySQL source,Technical product users and administrators,Verify during page review,See duplicate-content.csv,Verify during page review,Review,Review in context,Not workflow-bound,documentation,KEEP AND IMPROVE,72,11,0,0,0,0,0,3
documentation,article,apps/mantrixflow-docs/connections/sources/database/postgresql.mdx,,PostgreSQL source,Technical guidance: PostgreSQL source,Technical product users and administrators,Verify during page review,See duplicate-content.csv,Verify during page review,Review,Review in context,Not workflow-bound,documentation,KEEP AND IMPROVE,224,47,0,0,0,0,0,2
documentation,article,apps/mantrixflow-docs/connections/sources/database/sqlite.mdx,,SQLite source,Technical guidance: SQLite source,Technical product users and administrators,Verify during page review,See duplicate-content.csv,Verify during page review,Review,Review in context,Not workflow-bound,documentation,KEEP AND IMPROVE,72,11,0,0,0,0,0,3
documentation,article,apps/mantrixflow-docs/connections/sources/developer-tools/github.mdx,,GitHub source,Technical guidance: GitHub source,Technical product users and administrators,Verify during page review,See duplicate-content.csv,Verify during page review,Review,Review in context,Not workflow-bound,documentation,KEEP AND IMPROVE,72,11,0,0,0,0,0,3
documentation,article,apps/mantrixflow-docs/connections/sources/ecommerce/shopify.mdx,,Shopify source,Technical guidance: Shopify source,Technical product users and administrators,Verify during page review,See duplicate-content.csv,Verify during page review,Review,Review in context,Not workflow-bound,documentation,KEEP AND IMPROVE,72,11,0,0,0,0,0,3
documentation,article,apps/mantrixflow-docs/connections/sources/finance/stripe.mdx,,Stripe source (Beta),Technical guidance: Stripe source (Beta),Technical product users and administrators,Verify during page review,See duplicate-content.csv,Verify during page review,Review,Review in context,Not workflow-bound,documentation,KEEP AND IMPROVE,506,79,0,0,0,0,0,10
documentation,article,apps/mantrixflow-docs/connections/sources/productivity/notion.mdx,,Notion source,Technical guidance: Notion source,Technical product users and administrators,Verify during page review,See duplicate-content.csv,Verify during page review,Review,Review in context,Not workflow-bound,documentation,KEEP AND IMPROVE,72,11,0,0,0,0,0,3
documentation,component,apps/mantrixflow-docs/docs.json,,Docs.Json,Reusable content for Docs.Json,Technical product users and administrators,Verify during page review,See duplicate-content.csv,Verify during page review,Review,Review in context,Not workflow-bound,documentation,KEEP AND IMPROVE,336,206,0,0,0,0,0,1
documentation,article,apps/mantrixflow-docs/example/pipelines/postgres-to-postgres.mdx,,PostgreSQL to PostgreSQL,Technical guidance: PostgreSQL to PostgreSQL,Technical product users and administrators,Verify during page review,See duplicate-content.csv,Verify during page review,Review,Review in context,Not workflow-bound,documentation,KEEP AND IMPROVE,310,80,0,0,0,0,0,1
documentation,article,apps/mantrixflow-docs/getting-started/core-concepts.mdx,,Core Concepts,Technical guidance: Core Concepts,Technical product users and administrators,Verify during page review,See duplicate-content.csv,Verify during page review,Review,Review in context,Not workflow-bound,documentation,KEEP AND IMPROVE,337,74,0,0,0,0,0,4
documentation,article,apps/mantrixflow-docs/getting-started/faq.mdx,,FAQ,Technical guidance: FAQ,Technical product users and administrators,Verify during page review,See duplicate-content.csv,Verify during page review,Review,Review in context,Not workflow-bound,documentation,KEEP AND IMPROVE,300,52,0,0,0,0,0,7
documentation,article,apps/mantrixflow-docs/getting-started/introduction.mdx,,Getting started,Technical guidance: Getting started,Technical product users and administrators,Verify during page review,See duplicate-content.csv,Verify during page review,Review,Review in context,Not workflow-bound,documentation,KEEP AND IMPROVE,243,35,0,0,0,0,0,3
documentation,article,apps/mantrixflow-docs/getting-started/quick-start.mdx,,Quick Start,Technical guidance: Quick Start,Technical product users and administrators,Verify during page review,See duplicate-content.csv,Verify during page review,Review,Review in context,Not workflow-bound,documentation,KEEP AND IMPROVE,366,76,0,0,0,0,0,1
documentation,article,apps/mantrixflow-docs/index.mdx,,Introduction,Technical guidance: Introduction,Technical product users and administrators,Verify during page review,See duplicate-content.csv,Verify during page review,Review,Review in context,Not workflow-bound,documentation,KEEP AND IMPROVE,232,43,0,0,0,0,0,8
documentation,article,apps/mantrixflow-docs/pipelines/creating.mdx,,Creating a pipeline,Technical guidance: Creating a pipeline,Technical product users and administrators,Verify during page review,See duplicate-content.csv,Verify during page review,Review,Review in context,Not workflow-bound,documentation,KEEP AND IMPROVE,248,47,0,0,0,0,0,1
documentation,article,apps/mantrixflow-docs/pipelines/data-type-compatibility.mdx,,Data type compatibility,Technical guidance: Data type compatibility,Technical product users and administrators,Verify during page review,See duplicate-content.csv,Verify during page review,Review,Review in context,Not workflow-bound,documentation,KEEP AND IMPROVE,141,29,0,0,0,0,0,1
documentation,article,apps/mantrixflow-docs/pipelines/dbt-layer.mdx,,SQL Layer,Technical guidance: SQL Layer,Technical product users and administrators,Verify during page review,See duplicate-content.csv,Verify during page review,Review,Review in context,Not workflow-bound,documentation,KEEP AND IMPROVE,179,45,0,0,0,0,0,1
documentation,article,apps/mantrixflow-docs/pipelines/normalisation.mdx,,Normalisation,Technical guidance: Normalisation,Technical product users and administrators,Verify during page review,See duplicate-content.csv,Verify during page review,Review,Review in context,Not workflow-bound,documentation,KEEP AND IMPROVE,183,42,0,0,0,0,0,1
documentation,article,apps/mantrixflow-docs/pipelines/overview.mdx,,Pipelines Overview,Technical guidance: Pipelines Overview,Technical product users and administrators,Verify during page review,See duplicate-content.csv,Verify during page review,Review,Review in context,Not workflow-bound,documentation,KEEP AND IMPROVE,270,49,0,0,0,0,0,2
documentation,article,apps/mantrixflow-docs/pipelines/run-history.mdx,,Run history,Technical guidance: Run history,Technical product users and administrators,Verify during page review,See duplicate-content.csv,Verify during page review,Review,Review in context,Not workflow-bound,documentation,KEEP AND IMPROVE,131,32,0,0,0,0,0,0
documentation,article,apps/mantrixflow-docs/pipelines/schedule.mdx,,Schedule and automation,Technical guidance: Schedule and automation,Technical product users and administrators,Verify during page review,See duplicate-content.csv,Verify during page review,Review,Review in context,Not workflow-bound,documentation,KEEP AND IMPROVE,116,27,0,0,0,0,0,0
documentation,article,apps/mantrixflow-docs/pipelines/sync-modes.mdx,,Sync modes,Technical guidance: Sync modes,Technical product users and administrators,Verify during page review,See duplicate-content.csv,Verify during page review,Review,Review in context,Not workflow-bound,documentation,KEEP AND IMPROVE,144,27,0,0,0,0,0,2
documentation,article,apps/mantrixflow-docs/pipelines/transformation-rules.mdx,,Transformation rules,Technical guidance: Transformation rules,Technical product users and administrators,Verify during page review,See duplicate-content.csv,Verify during page review,Review,Review in context,Not workflow-bound,documentation,KEEP AND IMPROVE,119,18,0,0,0,0,0,0
documentation,article,apps/mantrixflow-docs/platform/data-privacy.mdx,,Data privacy,Technical guidance: Data privacy,Technical product users and administrators,Verify during page review,See duplicate-content.csv,Verify during page review,Review,Review in context,Not workflow-bound,documentation,KEEP AND IMPROVE,355,47,0,0,0,0,0,1
documentation,article,apps/mantrixflow-docs/platform/organisation.mdx,,Organization setup,Technical guidance: Organization setup,Technical product users and administrators,Verify during page review,See duplicate-content.csv,Verify during page review,Review,Review in context,Not workflow-bound,documentation,KEEP AND IMPROVE,315,54,0,0,0,0,0,0
documentation,article,apps/mantrixflow-docs/platform/security.mdx,,Security and encryption,Technical guidance: Security and encryption,Technical product users and administrators,Verify during page review,See duplicate-content.csv,Verify during page review,Review,Review in context,Not workflow-bound,documentation,KEEP AND IMPROVE,379,50,0,0,0,0,0,0
documentation,article,apps/mantrixflow-docs/platform/team-members.mdx,,Team members,Technical guidance: Team members,Technical product users and administrators,Verify during page review,See duplicate-content.csv,Verify during page review,Review,Review in context,Not workflow-bound,documentation,KEEP AND IMPROVE,405,66,0,0,0,0,0,1
documentation,article,apps/mantrixflow-docs/pricing.mdx,,Pricing,Technical guidance: Pricing,Technical product users and administrators,Verify during page review,See duplicate-content.csv,Verify during page review,Review,Review in context,Not workflow-bound,documentation,KEEP AND IMPROVE,288,45,0,0,0,0,0,2
documentation,article,apps/mantrixflow-docs/sync-reference/cdc-overview.mdx,,Change capture status,Technical guidance: Change capture status,Technical product users and administrators,Verify during page review,See duplicate-content.csv,Verify during page review,Review,Review in context,Not workflow-bound,documentation,KEEP AND IMPROVE,54,14,0,0,0,0,0,1
documentation,article,apps/mantrixflow-docs/sync-reference/cdc-postgresql.mdx,,PostgreSQL change capture status,Technical guidance: PostgreSQL change capture status,Technical product users and administrators,Verify during page review,See duplicate-content.csv,Verify during page review,Review,Review in context,Not workflow-bound,documentation,KEEP AND IMPROVE,55,11,0,0,0,0,0,1
documentation,article,apps/mantrixflow-docs/sync-reference/full-sync.mdx,,Full Table sync,Technical guidance: Full Table sync,Technical product users and administrators,Verify during page review,See duplicate-content.csv,Verify during page review,Review,Review in context,Not workflow-bound,documentation,KEEP AND IMPROVE,148,35,0,0,0,0,0,0
documentation,article,apps/mantrixflow-docs/sync-reference/incremental-sync.mdx,,Incremental sync,Technical guidance: Incremental sync,Technical product users and administrators,Verify during page review,See duplicate-content.csv,Verify during page review,Review,Review in context,Not workflow-bound,documentation,KEEP AND IMPROVE,162,32,0,0,0,0,0,0
documentation,article,apps/mantrixflow-docs/sync-reference/sync-state.mdx,,Sync state,Technical guidance: Sync state,Technical product users and administrators,Verify during page review,See duplicate-content.csv,Verify during page review,Review,Review in context,Not workflow-bound,documentation,KEEP AND IMPROVE,131,26,0,0,0,0,0,0
documentation,article,apps/mantrixflow-docs/troubleshooting/index.mdx,,Troubleshooting,Technical guidance: Troubleshooting,Technical product users and administrators,Verify during page review,See duplicate-content.csv,Verify during page review,Review,Review in context,Not workflow-bound,documentation,KEEP AND IMPROVE,296,44,0,0,0,0,0,0
documentation,article,apps/mantrixflow-docs/user-guide/activity-and-edge-cases.mdx,,Activity and edge cases,Technical guidance: Activity and edge cases,Technical product users and administrators,Verify during page review,See duplicate-content.csv,Verify during page review,Review,Review in context,Not workflow-bound,documentation,KEEP AND IMPROVE,156,28,0,0,0,0,0,0
documentation,article,apps/mantrixflow-docs/user-guide/connections.mdx,,Connections,Technical guidance: Connections,Technical product users and administrators,Verify during page review,See duplicate-content.csv,Verify during page review,Review,Review in context,Not workflow-bound,documentation,KEEP AND IMPROVE,147,33,0,0,0,0,0,0
documentation,article,apps/mantrixflow-docs/user-guide/index.mdx,,User guide,Technical guidance: User guide,Technical product users and administrators,Verify during page review,See duplicate-content.csv,Verify during page review,Review,Review in context,Not workflow-bound,documentation,KEEP AND IMPROVE,94,25,0,0,0,0,0,1
documentation,article,apps/mantrixflow-docs/user-guide/organizations.mdx,,Organizations and workspace context,Technical guidance: Organizations and workspace context,Technical product users and administrators,Verify during page review,See duplicate-content.csv,Verify during page review,Review,Review in context,Not workflow-bound,documentation,KEEP AND IMPROVE,236,52,0,0,0,0,0,2
documentation,article,apps/mantrixflow-docs/user-guide/pipelines.mdx,,Pipelines and run history,Technical guidance: Pipelines and run history,Technical product users and administrators,Verify during page review,See duplicate-content.csv,Verify during page review,Review,Review in context,Not workflow-bound,documentation,KEEP AND IMPROVE,176,47,0,0,0,0,0,1
documentation,article,apps/mantrixflow-docs/user-guide/transformations-and-branches.mdx,,Normalisation and SQL,Technical guidance: Normalisation and SQL,Technical product users and administrators,Verify during page review,See duplicate-content.csv,Verify during page review,Review,Review in context,Not workflow-bound,documentation,KEEP AND IMPROVE,110,21,0,0,0,0,0,0
internal_reference,article,md-docs/README.md,,md-docs,Technical guidance: md-docs,Technical product users and administrators,Verify during page review,See duplicate-content.csv,Verify during page review,Review,Review in context,Not workflow-bound,Internal engineering documentation,KEEP AND IMPROVE,687,113,0,0,0,0,0,2
internal_reference,article,md-docs/agents/README.md,,Mantrixflow Agents Docs,Technical guidance: Mantrixflow Agents Docs,Technical product users and administrators,Unverified,See duplicate-content.csv,Possible,Review,Review in context,Not workflow-bound,Internal engineering documentation,REQUIRES PRODUCT CONFIRMATION,191,23,0,0,0,0,0,0
internal_reference,article,md-docs/agents/flow-charts.md,,Agent Flow Charts,Technical guidance: Agent Flow Charts,Technical product users and administrators,Unverified,See duplicate-content.csv,Possible,Review,Review in context,Not workflow-bound,Internal engineering documentation,REQUIRES PRODUCT CONFIRMATION,683,187,0,0,0,0,0,0
internal_reference,article,md-docs/agents/how-it-works.md,,How Agents Work,Technical guidance: How Agents Work,Technical product users and administrators,Unverified,See duplicate-content.csv,Possible,Review,Review in context,Not workflow-bound,Internal engineering documentation,REQUIRES PRODUCT CONFIRMATION,869,171,0,0,0,0,0,0
internal_reference,article,md-docs/agents/model-providers.md,,Agent Model Providers,Technical guidance: Agent Model Providers,Technical product users and administrators,Unverified,See duplicate-content.csv,Possible,Review,Review in context,Not workflow-bound,Internal engineering documentation,REQUIRES PRODUCT CONFIRMATION,455,190,0,0,0,0,0,0
internal_reference,article,md-docs/agents/setup-guide.md,,Agent Setup Guide,Internal setup or operations guidance,MantrixFlow engineering and operations,Verify during page review,See duplicate-content.csv,Verify during page review,Review,Review in context,Not workflow-bound,Internal engineering documentation,MOVE TO ADVANCED SECTION,674,198,0,0,0,0,0,0
internal_reference,article,md-docs/agents/workflows.md,,Agent Workflows,Technical guidance: Agent Workflows,Technical product users and administrators,Unverified,See duplicate-content.csv,Possible,Review,Review in context,Not workflow-bound,Internal engineering documentation,REQUIRES PRODUCT CONFIRMATION,657,174,0,0,0,0,0,0
internal_reference,article,md-docs/analytics-page-implementation.md,,MANTrixFlow — Analytics Page Implementation,Implementation plan or engineering reference,MantrixFlow engineering and operations,Verify during page review,See duplicate-content.csv,Verify during page review,Likely,Review in context,Not workflow-bound,Internal engineering documentation,ARCHIVE,3318,878,0,0,0,0,3,2
internal_reference,article,md-docs/autosend-dodo-supabase-production-runbook.md,,"AutoSend, Dodo, And Supabase Production Runbook",Internal setup or operations guidance,MantrixFlow engineering and operations,Verify during page review,See duplicate-content.csv,Verify during page review,Review,Review in context,Not workflow-bound,Internal engineering documentation,MOVE TO ADVANCED SECTION,867,122,0,0,0,0,0,0
internal_reference,article,md-docs/autosend-email-catalog.md,,AutoSend Email Catalog,Internal setup or operations guidance,Technical product users and administrators,Verify during page review,See duplicate-content.csv,Verify during page review,Likely,Review in context,Not workflow-bound,Internal engineering documentation,MOVE TO ADVANCED SECTION,1206,65,0,0,0,0,0,0
internal_reference,article,md-docs/autosend-email-system-plan.md,,AutoSend Email System Plan,Internal setup or operations guidance,MantrixFlow engineering and operations,Verify during page review,See duplicate-content.csv,Verify during page review,Review,Review in context,Not workflow-bound,Internal engineering documentation,ARCHIVE,548,94,0,0,0,0,0,1
internal_reference,article,md-docs/autosend-production-deployment-guide.md,,AutoSend Production Deployment Guide,Internal setup or operations guidance,MantrixFlow engineering and operations,Verify during page review,See duplicate-content.csv,Verify during page review,Review,Review in context,Not workflow-bound,Internal engineering documentation,MOVE TO ADVANCED SECTION,848,309,0,0,0,0,0,1
internal_reference,article,md-docs/autosend-template-copy.md,,AutoSend Template Copy,Internal setup or operations guidance,Technical product users and administrators,Verify during page review,See duplicate-content.csv,Verify during page review,Likely,Review in context,Not workflow-bound,Internal engineering documentation,MOVE TO ADVANCED SECTION,1626,69,0,0,0,0,0,0
internal_reference,article,md-docs/autosend-template-design-guide.md,,AutoSend Template Design Guide,Internal setup or operations guidance,Technical product users and administrators,Verify during page review,See duplicate-content.csv,Verify during page review,Review,Review in context,Not workflow-bound,Internal engineering documentation,MOVE TO ADVANCED SECTION,512,88,0,0,0,0,0,0
internal_reference,article,md-docs/autosend-template-id-map.md,,AutoSend Template ID Map,Internal setup or operations guidance,Technical product users and administrators,Verify during page review,See duplicate-content.csv,Verify during page review,Review,Review in context,Not workflow-bound,Internal engineering documentation,MOVE TO ADVANCED SECTION,699,106,0,0,0,0,0,0
internal_reference,article,md-docs/aws-ses-setup.md,,AWS SES Setup For MantrixFlow,Internal setup or operations guidance,MantrixFlow engineering and operations,Verify during page review,See duplicate-content.csv,Verify during page review,Likely,Review in context,Not workflow-bound,Internal engineering documentation,MOVE TO ADVANCED SECTION,1801,419,0,0,0,0,0,1
internal_reference,article,md-docs/betterstack-setup.md,,Better Stack setup,Internal setup or operations guidance,MantrixFlow engineering and operations,Verify during page review,See duplicate-content.csv,Verify during page review,Review,Review in context,Not workflow-bound,Internal engineering documentation,MOVE TO ADVANCED SECTION,741,169,0,0,0,0,0,0
internal_reference,article,md-docs/betterstack-status-page-creation.md,,Moved → betterstack-setup.md,Technical guidance: Moved → betterstack-setup.md,Technical product users and administrators,Verify during page review,See duplicate-content.csv,Verify during page review,Review,Review in context,Not workflow-bound,Internal engineering documentation,MOVE TO ADVANCED SECTION,20,8,0,0,0,0,0,0
internal_reference,article,md-docs/billing-dodo-billingsdk.md,,MantrixFlow Billing: Dodo Hosted Checkout + Billing UI,Technical guidance: MantrixFlow Billing: Dodo Hosted Checkout + Billing UI,Technical product users and administrators,Verify during page review,See duplicate-content.csv,Verify during page review,Review,Review in context,Not workflow-bound,Internal engineering documentation,MOVE TO ADVANCED SECTION,710,106,0,0,0,0,0,2
internal_reference,article,md-docs/deployment-oracle-cloud.md,,Oracle Cloud Production Deployment,Internal setup or operations guidance,MantrixFlow engineering and operations,Verify during page review,See duplicate-content.csv,Verify during page review,Likely,Review in context,Not workflow-bound,Internal engineering documentation,MOVE TO ADVANCED SECTION,2380,420,0,0,0,0,0,1
internal_reference,article,md-docs/deployment-vercel.md,,Deployment on Vercel (notes),Internal setup or operations guidance,MantrixFlow engineering and operations,Verify during page review,See duplicate-content.csv,Verify during page review,Review,Review in context,Not workflow-bound,Internal engineering documentation,MOVE TO ADVANCED SECTION,158,41,0,0,0,0,0,0
internal_reference,article,md-docs/dodo-autosend-transformations.md,,Dodo AutoSend Transformations,Technical guidance: Dodo AutoSend Transformations,Technical product users and administrators,Verify during page review,See duplicate-content.csv,Verify during page review,Review,Review in context,Not workflow-bound,Internal engineering documentation,MOVE TO ADVANCED SECTION,1062,278,0,0,0,0,0,0
internal_reference,article,md-docs/dodo-payments-flowchart.md,,Dodo Payments and MantrixFlow Flow Charts,Technical guidance: Dodo Payments and MantrixFlow Flow Charts,Technical product users and administrators,Verify during page review,See duplicate-content.csv,Verify during page review,Review,Review in context,Not workflow-bound,Internal engineering documentation,MOVE TO ADVANCED SECTION,347,79,0,0,0,0,0,1
internal_reference,article,md-docs/dodo-payments-setup.md,,Dodo Payments Setup For MantrixFlow,Internal setup or operations guidance,MantrixFlow engineering and operations,Verify during page review,See duplicate-content.csv,Verify during page review,Review,Review in context,Not workflow-bound,Internal engineering documentation,MOVE TO ADVANCED SECTION,730,132,0,0,0,0,0,2
internal_reference,article,md-docs/frontend-refactor-audit.md,,Frontend refactor audit and migration plan,Technical guidance: Frontend refactor audit and migration plan,Technical product users and administrators,Verify during page review,See duplicate-content.csv,Verify during page review,Likely,Review in context,Not workflow-bound,Internal engineering documentation,KEEP AND IMPROVE,3635,608,0,0,0,3,1,1
internal_reference,article,md-docs/github/README.md,,GitHub Version Control For Pipeline Configs,Technical guidance: GitHub Version Control For Pipeline Configs,Technical product users and administrators,Verify during page review,See duplicate-content.csv,Verify during page review,Review,Review in context,Not workflow-bound,Internal engineering documentation,KEEP AND IMPROVE,271,34,0,0,0,0,0,0
internal_reference,article,md-docs/github/backend-plan.md,,Backend Plan,Implementation plan or engineering reference,MantrixFlow engineering and operations,Verify during page review,See duplicate-content.csv,Verify during page review,Review,Review in context,Not workflow-bound,Internal engineering documentation,ARCHIVE,447,101,0,0,0,0,0,1
internal_reference,article,md-docs/github/frontend-plan.md,,Frontend Plan,Implementation plan or engineering reference,MantrixFlow engineering and operations,Verify during page review,See duplicate-content.csv,Verify during page review,Review,Review in context,Not workflow-bound,Internal engineering documentation,ARCHIVE,277,66,0,0,0,0,0,1
internal_reference,article,md-docs/github/setup/github-app-setup.md,,GitHub App Setup,Internal setup or operations guidance,MantrixFlow engineering and operations,Verify during page review,See duplicate-content.csv,Verify during page review,Review,Review in context,Not workflow-bound,Internal engineering documentation,MOVE TO ADVANCED SECTION,677,163,0,0,0,0,0,0
internal_reference,article,md-docs/github/test-plan.md,,Test Plan,Implementation plan or engineering reference,MantrixFlow engineering and operations,Verify during page review,See duplicate-content.csv,Verify during page review,Review,Review in context,Not workflow-bound,Internal engineering documentation,ARCHIVE,339,66,0,0,0,0,0,0
internal_reference,article,md-docs/github/yaml-contract.md,,YAML Contract,Technical guidance: YAML Contract,Technical product users and administrators,Verify during page review,See duplicate-content.csv,Verify during page review,Review,Review in context,Not workflow-bound,Internal engineering documentation,KEEP AND IMPROVE,355,84,0,0,0,0,0,1
internal_reference,article,md-docs/hetzner-server-setup.md,,Hetzner Server Setup Guide,Internal setup or operations guidance,MantrixFlow engineering and operations,Verify during page review,See duplicate-content.csv,Verify during page review,Likely,Review in context,Not workflow-bound,Internal engineering documentation,MOVE TO ADVANCED SECTION,1593,458,0,0,0,0,0,0
internal_reference,article,md-docs/hubspot-postgres-full-phase-plan.md,,HubSpot to PostgreSQL Full-Phase Connector Plan,Implementation plan or engineering reference,MantrixFlow engineering and operations,Verify during page review,See duplicate-content.csv,Verify during page review,Likely,Review in context,Not workflow-bound,Internal engineering documentation,ARCHIVE,8727,1163,0,0,0,0,0,11
internal_reference,article,md-docs/manual-testing/README.md,,MantrixFlow — Manual Testing Guide,Internal manual QA procedure or acceptance evidence,MantrixFlow engineering and operations,Verify during page review,See duplicate-content.csv,Verify during page review,Likely,Review in context,Not workflow-bound,Internal engineering documentation,MOVE TO ADVANCED SECTION,1434,232,0,0,0,0,0,3
internal_reference,article,md-docs/manual-testing/column-mapping.md,,"Column Mapping, Type Coercion & JSON Extraction — Manual Testing Guide",Internal manual QA procedure or acceptance evidence,MantrixFlow engineering and operations,Verify during page review,See duplicate-content.csv,Verify during page review,Likely,Review in context,Not workflow-bound,Internal engineering documentation,MOVE TO ADVANCED SECTION,2827,876,0,0,0,0,0,0
internal_reference,article,md-docs/manual-testing/dbt-layer.md,,dbt Layer — Manual Testing Guide,Internal manual QA procedure or acceptance evidence,MantrixFlow engineering and operations,Verify during page review,See duplicate-content.csv,Verify during page review,Likely,Review in context,Not workflow-bound,Internal engineering documentation,MOVE TO ADVANCED SECTION,1926,483,0,0,0,0,0,0
internal_reference,article,md-docs/manual-testing/destinations/cockroachdb.md,,CockroachDB Destination — Manual Testing Guide,Internal manual QA procedure or acceptance evidence,MantrixFlow engineering and operations,Verify during page review,See duplicate-content.csv,Verify during page review,Review,Review in context,Not workflow-bound,Internal engineering documentation,MOVE TO ADVANCED SECTION,659,227,0,0,0,0,0,0
internal_reference,article,md-docs/manual-testing/destinations/mariadb.md,,MariaDB Destination — Manual Testing Guide,Internal manual QA procedure or acceptance evidence,MantrixFlow engineering and operations,Verify during page review,See duplicate-content.csv,Verify during page review,Review,Review in context,Not workflow-bound,Internal engineering documentation,MOVE TO ADVANCED SECTION,470,166,0,0,0,0,0,0
internal_reference,article,md-docs/manual-testing/destinations/mysql.md,,MySQL Destination — Manual Testing Guide,Internal manual QA procedure or acceptance evidence,MantrixFlow engineering and operations,Verify during page review,See duplicate-content.csv,Verify during page review,Review,Review in context,Not workflow-bound,Internal engineering documentation,MOVE TO ADVANCED SECTION,464,169,0,0,0,0,0,0
internal_reference,article,md-docs/manual-testing/destinations/postgres.md,,PostgreSQL Destination — Manual Testing Guide,Internal manual QA procedure or acceptance evidence,MantrixFlow engineering and operations,Verify during page review,See duplicate-content.csv,Verify during page review,Review,Review in context,Not workflow-bound,Internal engineering documentation,MOVE TO ADVANCED SECTION,628,216,0,0,0,0,0,0
internal_reference,article,md-docs/manual-testing/destinations/sqlite.md,,SQLite Destination — Manual Testing Guide,Internal manual QA procedure or acceptance evidence,MantrixFlow engineering and operations,Verify during page review,See duplicate-content.csv,Verify during page review,Review,Review in context,Not workflow-bound,Internal engineering documentation,MOVE TO ADVANCED SECTION,653,183,0,0,0,0,0,0
internal_reference,article,md-docs/manual-testing/incremental-merge-key-playwright.md,,Incremental merge-key Playwright E2E,Internal manual QA procedure or acceptance evidence,MantrixFlow engineering and operations,Verify during page review,See duplicate-content.csv,Verify during page review,Review,Review in context,Not workflow-bound,Internal engineering documentation,MOVE TO ADVANCED SECTION,544,101,0,0,0,0,0,0
internal_reference,article,md-docs/manual-testing/normalisation.md,,Normalisation Rules — Manual Testing Guide,Internal manual QA procedure or acceptance evidence,MantrixFlow engineering and operations,Verify during page review,See duplicate-content.csv,Verify during page review,Review,Review in context,Not workflow-bound,Internal engineering documentation,MOVE TO ADVANCED SECTION,1073,330,0,0,0,0,0,0
internal_reference,article,md-docs/manual-testing/pipeline-step-by-step.md,,Pipeline-by-Pipeline Step-by-Step Test Cases,Internal manual QA procedure or acceptance evidence,MantrixFlow engineering and operations,Verify during page review,See duplicate-content.csv,Verify during page review,Likely,Review in context,Not workflow-bound,Internal engineering documentation,MOVE TO ADVANCED SECTION,5581,1486,0,0,0,0,0,1
internal_reference,article,md-docs/manual-testing/pipelines/README.md,,50-Pipeline Test Index,Internal manual QA procedure or acceptance evidence,MantrixFlow engineering and operations,Verify during page review,See duplicate-content.csv,Verify during page review,Review,Review in context,Not workflow-bound,Internal engineering documentation,MOVE TO ADVANCED SECTION,807,100,0,0,0,0,0,0
internal_reference,article,md-docs/manual-testing/pipelines/db/26-postgres-to-postgres.md,,Pipeline 26 — PostgreSQL Source → PostgreSQL Destination,Internal manual QA procedure or acceptance evidence,MantrixFlow engineering and operations,Verify during page review,See duplicate-content.csv,Verify during page review,Review,Review in context,Not workflow-bound,Internal engineering documentation,MOVE TO ADVANCED SECTION,689,174,0,0,0,0,0,0
internal_reference,article,md-docs/manual-testing/pipelines/db/27-postgres-to-mysql.md,,Pipeline 27 — PostgreSQL Source → MySQL Destination,Internal manual QA procedure or acceptance evidence,MantrixFlow engineering and operations,Verify during page review,See duplicate-content.csv,Verify during page review,Review,Review in context,Not workflow-bound,Internal engineering documentation,MOVE TO ADVANCED SECTION,177,70,0,0,0,0,0,0
internal_reference,article,md-docs/manual-testing/pipelines/db/28-postgres-to-mariadb.md,,Pipeline 28 — PostgreSQL Source → MariaDB Destination,Internal manual QA procedure or acceptance evidence,MantrixFlow engineering and operations,Verify during page review,See duplicate-content.csv,Verify during page review,Review,Review in context,Not workflow-bound,Internal engineering documentation,MOVE TO ADVANCED SECTION,117,52,0,0,0,0,0,0
internal_reference,article,md-docs/manual-testing/pipelines/db/29-postgres-to-sqlite.md,,Pipeline 29 — PostgreSQL Source → SQLite Destination,Internal manual QA procedure or acceptance evidence,MantrixFlow engineering and operations,Verify during page review,See duplicate-content.csv,Verify during page review,Review,Review in context,Not workflow-bound,Internal engineering documentation,MOVE TO ADVANCED SECTION,158,47,0,0,0,0,0,0
internal_reference,article,md-docs/manual-testing/pipelines/db/30-postgres-to-cockroachdb.md,,Pipeline 30 — PostgreSQL Source → CockroachDB Destination,Internal manual QA procedure or acceptance evidence,MantrixFlow engineering and operations,Verify during page review,See duplicate-content.csv,Verify during page review,Review,Review in context,Not workflow-bound,Internal engineering documentation,MOVE TO ADVANCED SECTION,170,59,0,0,0,0,0,0
internal_reference,article,md-docs/manual-testing/pipelines/db/31-mysql-to-postgres.md,,Pipeline 31 — MySQL Source → PostgreSQL Destination,Internal manual QA procedure or acceptance evidence,MantrixFlow engineering and operations,Verify during page review,See duplicate-content.csv,Verify during page review,Review,Review in context,Not workflow-bound,Internal engineering documentation,MOVE TO ADVANCED SECTION,563,154,0,0,0,0,0,0
internal_reference,article,md-docs/manual-testing/pipelines/db/32-mysql-to-mysql.md,,Pipeline 32 — MySQL Source → MySQL Destination,Internal manual QA procedure or acceptance evidence,MantrixFlow engineering and operations,Verify during page review,See duplicate-content.csv,Verify during page review,Review,Review in context,Not workflow-bound,Internal engineering documentation,MOVE TO ADVANCED SECTION,141,56,0,0,0,0,0,0
internal_reference,article,md-docs/manual-testing/pipelines/db/33-mysql-to-mariadb.md,,Pipeline 33 — MySQL Source → MariaDB Destination,Internal manual QA procedure or acceptance evidence,MantrixFlow engineering and operations,Verify during page review,See duplicate-content.csv,Verify during page review,Review,Review in context,Not workflow-bound,Internal engineering documentation,MOVE TO ADVANCED SECTION,105,47,0,0,0,0,0,0
internal_reference,article,md-docs/manual-testing/pipelines/db/34-mysql-to-sqlite.md,,Pipeline 34 — MySQL Source → SQLite Destination,Internal manual QA procedure or acceptance evidence,MantrixFlow engineering and operations,Verify during page review,See duplicate-content.csv,Verify during page review,Review,Review in context,Not workflow-bound,Internal engineering documentation,MOVE TO ADVANCED SECTION,138,44,0,0,0,0,0,0
internal_reference,article,md-docs/manual-testing/pipelines/db/35-mysql-to-cockroachdb.md,,Pipeline 35 — MySQL Source → CockroachDB Destination,Internal manual QA procedure or acceptance evidence,MantrixFlow engineering and operations,Verify during page review,See duplicate-content.csv,Verify during page review,Review,Review in context,Not workflow-bound,Internal engineering documentation,MOVE TO ADVANCED SECTION,141,48,0,0,0,0,0,0
internal_reference,article,md-docs/manual-testing/pipelines/db/36-mariadb-to-postgres.md,,Pipeline 36 — MariaDB Source → PostgreSQL Destination,Internal manual QA procedure or acceptance evidence,MantrixFlow engineering and operations,Verify during page review,See duplicate-content.csv,Verify during page review,Review,Review in context,Not workflow-bound,Internal engineering documentation,MOVE TO ADVANCED SECTION,579,156,0,0,0,0,0,0
internal_reference,article,md-docs/manual-testing/pipelines/db/37-mariadb-to-mysql.md,,Pipeline 37 — MariaDB Source → MySQL Destination,Internal manual QA procedure or acceptance evidence,MantrixFlow engineering and operations,Verify during page review,See duplicate-content.csv,Verify during page review,Review,Review in context,Not workflow-bound,Internal engineering documentation,MOVE TO ADVANCED SECTION,113,53,0,0,0,0,0,0
internal_reference,article,md-docs/manual-testing/pipelines/db/38-mariadb-to-mariadb.md,,Pipeline 38 — MariaDB Source → MariaDB Destination,Internal manual QA procedure or acceptance evidence,MantrixFlow engineering and operations,Verify during page review,See duplicate-content.csv,Verify during page review,Review,Review in context,Not workflow-bound,Internal engineering documentation,MOVE TO ADVANCED SECTION,119,43,0,0,0,0,0,0
internal_reference,article,md-docs/manual-testing/pipelines/db/39-mariadb-to-sqlite.md,,Pipeline 39 — MariaDB Source → SQLite Destination,Internal manual QA procedure or acceptance evidence,MantrixFlow engineering and operations,Verify during page review,See duplicate-content.csv,Verify during page review,Review,Review in context,Not workflow-bound,Internal engineering documentation,MOVE TO ADVANCED SECTION,147,45,0,0,0,0,0,0
internal_reference,article,md-docs/manual-testing/pipelines/db/40-mariadb-to-cockroachdb.md,,Pipeline 40 — MariaDB Source → CockroachDB Destination,Internal manual QA procedure or acceptance evidence,MantrixFlow engineering and operations,Verify during page review,See duplicate-content.csv,Verify during page review,Review,Review in context,Not workflow-bound,Internal engineering documentation,MOVE TO ADVANCED SECTION,155,53,0,0,0,0,0,0
internal_reference,article,md-docs/manual-testing/pipelines/db/41-sqlite-to-postgres.md,,Pipeline 41 — SQLite Source → PostgreSQL Destination,Internal manual QA procedure or acceptance evidence,MantrixFlow engineering and operations,Verify during page review,See duplicate-content.csv,Verify during page review,Review,Review in context,Not workflow-bound,Internal engineering documentation,MOVE TO ADVANCED SECTION,542,142,0,0,0,0,0,0
internal_reference,article,md-docs/manual-testing/pipelines/db/42-sqlite-to-mysql.md,,Pipeline 42 — SQLite Source → MySQL Destination,Internal manual QA procedure or acceptance evidence,MantrixFlow engineering and operations,Verify during page review,See duplicate-content.csv,Verify during page review,Review,Review in context,Not workflow-bound,Internal engineering documentation,MOVE TO ADVANCED SECTION,126,52,0,0,0,0,0,0
internal_reference,article,md-docs/manual-testing/pipelines/db/43-sqlite-to-mariadb.md,,Pipeline 43 — SQLite Source → MariaDB Destination,Internal manual QA procedure or acceptance evidence,MantrixFlow engineering and operations,Verify during page review,See duplicate-content.csv,Verify during page review,Review,Review in context,Not workflow-bound,Internal engineering documentation,MOVE TO ADVANCED SECTION,98,43,0,0,0,0,0,0
internal_reference,article,md-docs/manual-testing/pipelines/db/44-sqlite-to-sqlite.md,,Pipeline 44 — SQLite Source → SQLite Destination,Internal manual QA procedure or acceptance evidence,MantrixFlow engineering and operations,Verify during page review,See duplicate-content.csv,Verify during page review,Review,Review in context,Not workflow-bound,Internal engineering documentation,MOVE TO ADVANCED SECTION,226,60,0,0,0,0,0,0
internal_reference,article,md-docs/manual-testing/pipelines/db/45-sqlite-to-cockroachdb.md,,Pipeline 45 — SQLite Source → CockroachDB Destination,Internal manual QA procedure or acceptance evidence,MantrixFlow engineering and operations,Verify during page review,See duplicate-content.csv,Verify during page review,Review,Review in context,Not workflow-bound,Internal engineering documentation,MOVE TO ADVANCED SECTION,142,46,0,0,0,0,0,0
internal_reference,article,md-docs/manual-testing/pipelines/db/46-cockroachdb-to-postgres.md,,Pipeline 46 — CockroachDB Source → PostgreSQL Destination,Internal manual QA procedure or acceptance evidence,MantrixFlow engineering and operations,Verify during page review,See duplicate-content.csv,Verify during page review,Review,Review in context,Not workflow-bound,Internal engineering documentation,MOVE TO ADVANCED SECTION,582,165,0,0,0,0,0,1
internal_reference,article,md-docs/manual-testing/pipelines/db/47-cockroachdb-to-mysql.md,,Pipeline 47 — CockroachDB Source → MySQL Destination,Internal manual QA procedure or acceptance evidence,MantrixFlow engineering and operations,Verify during page review,See duplicate-content.csv,Verify during page review,Review,Review in context,Not workflow-bound,Internal engineering documentation,MOVE TO ADVANCED SECTION,165,65,0,0,0,0,0,0
internal_reference,article,md-docs/manual-testing/pipelines/db/48-cockroachdb-to-mariadb.md,,Pipeline 48 — CockroachDB Source → MariaDB Destination,Internal manual QA procedure or acceptance evidence,MantrixFlow engineering and operations,Verify during page review,See duplicate-content.csv,Verify during page review,Review,Review in context,Not workflow-bound,Internal engineering documentation,MOVE TO ADVANCED SECTION,117,53,0,0,0,0,0,0
internal_reference,article,md-docs/manual-testing/pipelines/db/49-cockroachdb-to-sqlite.md,,Pipeline 49 — CockroachDB Source → SQLite Destination,Internal manual QA procedure or acceptance evidence,MantrixFlow engineering and operations,Verify during page review,See duplicate-content.csv,Verify during page review,Review,Review in context,Not workflow-bound,Internal engineering documentation,MOVE TO ADVANCED SECTION,163,61,0,0,0,0,0,0
internal_reference,article,md-docs/manual-testing/pipelines/db/50-cockroachdb-to-cockroachdb.md,,Pipeline 50 — CockroachDB Source → CockroachDB Destination,Internal manual QA procedure or acceptance evidence,MantrixFlow engineering and operations,Verify during page review,See duplicate-content.csv,Verify during page review,Review,Review in context,Not workflow-bound,Internal engineering documentation,MOVE TO ADVANCED SECTION,301,86,0,0,0,0,0,0
internal_reference,article,md-docs/manual-testing/pipelines/saas/01-stripe-to-postgres.md,,Pipeline 01 — Stripe → PostgreSQL,Internal manual QA procedure or acceptance evidence,MantrixFlow engineering and operations,Verify during page review,See duplicate-content.csv,Verify during page review,Likely,Review in context,Not workflow-bound,Internal engineering documentation,MOVE TO ADVANCED SECTION,2276,728,0,0,0,0,0,0
internal_reference,article,md-docs/manual-testing/pipelines/saas/02-stripe-to-mysql.md,,Pipeline 02 — Stripe → MySQL,Internal manual QA procedure or acceptance evidence,MantrixFlow engineering and operations,Verify during page review,See duplicate-content.csv,Verify during page review,Review,Review in context,Not workflow-bound,Internal engineering documentation,MOVE TO ADVANCED SECTION,851,305,0,0,0,0,0,0
internal_reference,article,md-docs/manual-testing/pipelines/saas/03-stripe-to-mariadb.md,,Pipeline 03 — Stripe → MariaDB,Internal manual QA procedure or acceptance evidence,MantrixFlow engineering and operations,Verify during page review,See duplicate-content.csv,Verify during page review,Review,Review in context,Not workflow-bound,Internal engineering documentation,MOVE TO ADVANCED SECTION,747,287,0,0,0,0,0,0
internal_reference,article,md-docs/manual-testing/pipelines/saas/04-stripe-to-sqlite.md,,Pipeline 04 — Stripe → SQLite,Internal manual QA procedure or acceptance evidence,MantrixFlow engineering and operations,Verify during page review,See duplicate-content.csv,Verify during page review,Review,Review in context,Not workflow-bound,Internal engineering documentation,MOVE TO ADVANCED SECTION,921,311,0,0,0,0,0,1
internal_reference,article,md-docs/manual-testing/pipelines/saas/05-stripe-to-cockroachdb.md,,Pipeline 05 — Stripe → CockroachDB,Internal manual QA procedure or acceptance evidence,MantrixFlow engineering and operations,Verify during page review,See duplicate-content.csv,Verify during page review,Review,Review in context,Not workflow-bound,Internal engineering documentation,MOVE TO ADVANCED SECTION,814,297,0,0,0,0,0,0
internal_reference,article,md-docs/manual-testing/pipelines/saas/06-shopify-to-postgres.md,,Pipeline 06 — Shopify → PostgreSQL,Internal manual QA procedure or acceptance evidence,MantrixFlow engineering and operations,Verify during page review,See duplicate-content.csv,Verify during page review,Likely,Review in context,Not workflow-bound,Internal engineering documentation,MOVE TO ADVANCED SECTION,1251,431,0,0,0,0,0,0
internal_reference,article,md-docs/manual-testing/pipelines/saas/07-shopify-to-mysql.md,,Pipeline 07 — Shopify → MySQL,Internal manual QA procedure or acceptance evidence,MantrixFlow engineering and operations,Verify during page review,See duplicate-content.csv,Verify during page review,Review,Review in context,Not workflow-bound,Internal engineering documentation,MOVE TO ADVANCED SECTION,370,161,0,0,0,0,0,0
internal_reference,article,md-docs/manual-testing/pipelines/saas/08-shopify-to-mariadb.md,,Pipeline 08 — Shopify → MariaDB,Internal manual QA procedure or acceptance evidence,MantrixFlow engineering and operations,Verify during page review,See duplicate-content.csv,Verify during page review,Review,Review in context,Not workflow-bound,Internal engineering documentation,MOVE TO ADVANCED SECTION,377,162,0,0,0,0,0,0
internal_reference,article,md-docs/manual-testing/pipelines/saas/09-shopify-to-sqlite.md,,Pipeline 09 — Shopify → SQLite,Internal manual QA procedure or acceptance evidence,MantrixFlow engineering and operations,Verify during page review,See duplicate-content.csv,Verify during page review,Review,Review in context,Not workflow-bound,Internal engineering documentation,MOVE TO ADVANCED SECTION,408,135,0,0,0,0,0,0
internal_reference,article,md-docs/manual-testing/pipelines/saas/10-shopify-to-cockroachdb.md,,Pipeline 10 — Shopify → CockroachDB,Internal manual QA procedure or acceptance evidence,MantrixFlow engineering and operations,Verify during page review,See duplicate-content.csv,Verify during page review,Review,Review in context,Not workflow-bound,Internal engineering documentation,MOVE TO ADVANCED SECTION,406,133,0,0,0,0,0,0
internal_reference,article,md-docs/manual-testing/pipelines/saas/11-hubspot-to-postgres.md,,Pipeline 11 — HubSpot → PostgreSQL,Internal manual QA procedure or acceptance evidence,MantrixFlow engineering and operations,Verify during page review,See duplicate-content.csv,Verify during page review,Review,Review in context,Not workflow-bound,Internal engineering documentation,MOVE TO ADVANCED SECTION,280,59,0,0,0,0,0,1
internal_reference,article,md-docs/manual-testing/pipelines/saas/12-hubspot-to-mysql.md,,Pipeline 12 — HubSpot → MySQL,Internal manual QA procedure or acceptance evidence,MantrixFlow engineering and operations,Verify during page review,See duplicate-content.csv,Verify during page review,Review,Review in context,Not workflow-bound,Internal engineering documentation,MOVE TO ADVANCED SECTION,408,123,0,0,0,0,0,0
internal_reference,article,md-docs/manual-testing/pipelines/saas/13-hubspot-to-mariadb.md,,Pipeline 13 — HubSpot → MariaDB,Internal manual QA procedure or acceptance evidence,MantrixFlow engineering and operations,Verify during page review,See duplicate-content.csv,Verify during page review,Review,Review in context,Not workflow-bound,Internal engineering documentation,MOVE TO ADVANCED SECTION,377,114,0,0,0,0,0,0
internal_reference,article,md-docs/manual-testing/pipelines/saas/14-hubspot-to-sqlite.md,,Pipeline 14 — HubSpot → SQLite,Internal manual QA procedure or acceptance evidence,MantrixFlow engineering and operations,Verify during page review,See duplicate-content.csv,Verify during page review,Review,Review in context,Not workflow-bound,Internal engineering documentation,MOVE TO ADVANCED SECTION,435,92,0,0,0,0,0,0
internal_reference,article,md-docs/manual-testing/pipelines/saas/15-hubspot-to-cockroachdb.md,,Pipeline 15 — HubSpot → CockroachDB,Internal manual QA procedure or acceptance evidence,MantrixFlow engineering and operations,Verify during page review,See duplicate-content.csv,Verify during page review,Review,Review in context,Not workflow-bound,Internal engineering documentation,MOVE TO ADVANCED SECTION,433,94,0,0,0,0,0,0
internal_reference,article,md-docs/manual-testing/pipelines/saas/16-github-to-postgres.md,,Pipeline 16 — GitHub → PostgreSQL,Internal manual QA procedure or acceptance evidence,MantrixFlow engineering and operations,Verify during page review,See duplicate-content.csv,Verify during page review,Review,Review in context,Not workflow-bound,Internal engineering documentation,MOVE TO ADVANCED SECTION,1038,342,0,0,0,0,0,0
internal_reference,article,md-docs/manual-testing/pipelines/saas/17-github-to-mysql.md,,Pipeline 17 — GitHub → MySQL,Internal manual QA procedure or acceptance evidence,MantrixFlow engineering and operations,Verify during page review,See duplicate-content.csv,Verify during page review,Review,Review in context,Not workflow-bound,Internal engineering documentation,MOVE TO ADVANCED SECTION,323,93,0,0,0,0,0,0
internal_reference,article,md-docs/manual-testing/pipelines/saas/18-github-to-mariadb.md,,Pipeline 18 — GitHub → MariaDB,Internal manual QA procedure or acceptance evidence,MantrixFlow engineering and operations,Verify during page review,See duplicate-content.csv,Verify during page review,Review,Review in context,Not workflow-bound,Internal engineering documentation,MOVE TO ADVANCED SECTION,296,84,0,0,0,0,0,0
internal_reference,article,md-docs/manual-testing/pipelines/saas/19-github-to-sqlite.md,,Pipeline 19 — GitHub → SQLite,Internal manual QA procedure or acceptance evidence,MantrixFlow engineering and operations,Verify during page review,See duplicate-content.csv,Verify during page review,Review,Review in context,Not workflow-bound,Internal engineering documentation,MOVE TO ADVANCED SECTION,353,81,0,0,0,0,0,0
internal_reference,article,md-docs/manual-testing/pipelines/saas/20-github-to-cockroachdb.md,,Pipeline 20 — GitHub → CockroachDB,Internal manual QA procedure or acceptance evidence,MantrixFlow engineering and operations,Verify during page review,See duplicate-content.csv,Verify during page review,Review,Review in context,Not workflow-bound,Internal engineering documentation,MOVE TO ADVANCED SECTION,352,82,0,0,0,0,0,0
internal_reference,article,md-docs/manual-testing/pipelines/saas/21-notion-to-postgres.md,,Pipeline 21 — Notion → PostgreSQL,Internal manual QA procedure or acceptance evidence,MantrixFlow engineering and operations,Verify during page review,See duplicate-content.csv,Verify during page review,Review,Review in context,Not workflow-bound,Internal engineering documentation,MOVE TO ADVANCED SECTION,511,136,0,0,0,0,0,0
internal_reference,article,md-docs/manual-testing/pipelines/saas/22-notion-to-mysql.md,,Pipeline 22 — Notion → MySQL,Internal manual QA procedure or acceptance evidence,MantrixFlow engineering and operations,Verify during page review,See duplicate-content.csv,Verify during page review,Review,Review in context,Not workflow-bound,Internal engineering documentation,MOVE TO ADVANCED SECTION,136,56,0,0,0,0,0,0
internal_reference,article,md-docs/manual-testing/pipelines/saas/23-notion-to-mariadb.md,,Pipeline 23 — Notion → MariaDB,Internal manual QA procedure or acceptance evidence,MantrixFlow engineering and operations,Verify during page review,See duplicate-content.csv,Verify during page review,Review,Review in context,Not workflow-bound,Internal engineering documentation,MOVE TO ADVANCED SECTION,106,47,0,0,0,0,0,0
internal_reference,article,md-docs/manual-testing/pipelines/saas/24-notion-to-sqlite.md,,Pipeline 24 — Notion → SQLite,Internal manual QA procedure or acceptance evidence,MantrixFlow engineering and operations,Verify during page review,See duplicate-content.csv,Verify during page review,Review,Review in context,Not workflow-bound,Internal engineering documentation,MOVE TO ADVANCED SECTION,142,44,0,0,0,0,0,0
internal_reference,article,md-docs/manual-testing/pipelines/saas/25-notion-to-cockroachdb.md,,Pipeline 25 — Notion → CockroachDB,Internal manual QA procedure or acceptance evidence,MantrixFlow engineering and operations,Verify during page review,See duplicate-content.csv,Verify during page review,Review,Review in context,Not workflow-bound,Internal engineering documentation,MOVE TO ADVANCED SECTION,146,46,0,0,0,0,0,0
internal_reference,article,md-docs/manual-testing/postgres-to-postgres-data-types-ui.md,,Live PostgreSQL to PostgreSQL Data-Type UI Test,Internal manual QA procedure or acceptance evidence,MantrixFlow engineering and operations,Verify during page review,See duplicate-content.csv,Verify during page review,Likely,Review in context,Not workflow-bound,Internal engineering documentation,MOVE TO ADVANCED SECTION,1721,510,0,0,0,0,0,8
internal_reference,article,md-docs/manual-testing/slack-pipeline-e2e.md,,Slack Pipeline E2E Manual Test,Internal manual QA procedure or acceptance evidence,MantrixFlow engineering and operations,Verify during page review,See duplicate-content.csv,Verify during page review,Review,Review in context,Not workflow-bound,Internal engineering documentation,MOVE TO ADVANCED SECTION,1108,408,0,0,0,0,0,0
internal_reference,article,md-docs/manual-testing/sources/cockroachdb.md,,CockroachDB Source — Manual Testing Guide,Internal manual QA procedure or acceptance evidence,MantrixFlow engineering and operations,Verify during page review,See duplicate-content.csv,Verify during page review,Review,Review in context,Not workflow-bound,Internal engineering documentation,MOVE TO ADVANCED SECTION,705,256,0,0,0,0,0,0
internal_reference,article,md-docs/manual-testing/sources/github.md,,GitHub Source — Manual Testing Guide,Internal manual QA procedure or acceptance evidence,MantrixFlow engineering and operations,Verify during page review,See duplicate-content.csv,Verify during page review,Review,Review in context,Not workflow-bound,Internal engineering documentation,MOVE TO ADVANCED SECTION,850,275,0,0,0,0,0,0
internal_reference,article,md-docs/manual-testing/sources/hubspot.md,,HubSpot Source — Manual Testing Guide,Internal manual QA procedure or acceptance evidence,MantrixFlow engineering and operations,Verify during page review,See duplicate-content.csv,Verify during page review,Review,Review in context,Not workflow-bound,Internal engineering documentation,MOVE TO ADVANCED SECTION,462,63,0,0,0,0,0,1
internal_reference,article,md-docs/manual-testing/sources/mariadb.md,,MariaDB Source — Manual Testing Guide,Internal manual QA procedure or acceptance evidence,MantrixFlow engineering and operations,Verify during page review,See duplicate-content.csv,Verify during page review,Review,Review in context,Not workflow-bound,Internal engineering documentation,MOVE TO ADVANCED SECTION,675,262,0,0,0,0,0,0
internal_reference,article,md-docs/manual-testing/sources/mysql.md,,MySQL Source — Manual Testing Guide,Internal manual QA procedure or acceptance evidence,MantrixFlow engineering and operations,Verify during page review,See duplicate-content.csv,Verify during page review,Review,Review in context,Not workflow-bound,Internal engineering documentation,MOVE TO ADVANCED SECTION,638,221,0,0,0,0,0,0
internal_reference,article,md-docs/manual-testing/sources/notion.md,,Notion Source — Manual Testing Guide,Internal manual QA procedure or acceptance evidence,MantrixFlow engineering and operations,Verify during page review,See duplicate-content.csv,Verify during page review,Review,Review in context,Not workflow-bound,Internal engineering documentation,MOVE TO ADVANCED SECTION,602,205,0,0,0,0,0,0
internal_reference,article,md-docs/manual-testing/sources/postgres.md,,PostgreSQL Source — Manual Testing Guide,Internal manual QA procedure or acceptance evidence,MantrixFlow engineering and operations,Verify during page review,See duplicate-content.csv,Verify during page review,Review,Review in context,Not workflow-bound,Internal engineering documentation,MOVE TO ADVANCED SECTION,824,294,0,0,0,0,0,0
internal_reference,article,md-docs/manual-testing/sources/shopify.md,,Shopify Source — Manual Testing Guide,Internal manual QA procedure or acceptance evidence,MantrixFlow engineering and operations,Verify during page review,See duplicate-content.csv,Verify during page review,Review,Review in context,Not workflow-bound,Internal engineering documentation,MOVE TO ADVANCED SECTION,774,221,0,0,0,0,0,0
internal_reference,article,md-docs/manual-testing/sources/sqlite.md,,SQLite Source — Manual Testing Guide,Internal manual QA procedure or acceptance evidence,MantrixFlow engineering and operations,Verify during page review,See duplicate-content.csv,Verify during page review,Review,Review in context,Not workflow-bound,Internal engineering documentation,MOVE TO ADVANCED SECTION,682,214,0,0,0,0,0,0
internal_reference,article,md-docs/manual-testing/sources/stripe.md,,Stripe Source — Manual Testing Guide,Internal manual QA procedure or acceptance evidence,MantrixFlow engineering and operations,Verify during page review,See duplicate-content.csv,Verify during page review,Likely,Review in context,Not workflow-bound,Internal engineering documentation,MOVE TO ADVANCED SECTION,1456,348,0,0,0,0,0,0
internal_reference,article,md-docs/manual-testing/ui-testing/README.md,,UI Testing — Pipeline Builder,Internal manual QA procedure or acceptance evidence,MantrixFlow engineering and operations,Verify during page review,See duplicate-content.csv,Verify during page review,Review,Review in context,Not workflow-bound,Internal engineering documentation,MOVE TO ADVANCED SECTION,867,112,0,0,0,0,0,0
internal_reference,article,md-docs/manual-testing/ui-testing/builder-walkthrough.md,,Structured Pipeline Workspace — UI Walkthrough,Internal manual QA procedure or acceptance evidence,MantrixFlow engineering and operations,Verify during page review,See duplicate-content.csv,Verify during page review,Review,Review in context,Not workflow-bound,Internal engineering documentation,MOVE TO ADVANCED SECTION,460,74,0,0,0,0,0,0
internal_reference,article,md-docs/manual-testing/ui-testing/db/cockroachdb-ui.md,,CockroachDB Source — UI Testing (3 Streams × 5 Destinations),Internal manual QA procedure or acceptance evidence,MantrixFlow engineering and operations,Verify during page review,See duplicate-content.csv,Verify during page review,Review,Review in context,Not workflow-bound,Internal engineering documentation,MOVE TO ADVANCED SECTION,971,224,0,0,0,0,0,1
internal_reference,article,md-docs/manual-testing/ui-testing/db/mariadb-ui.md,,MariaDB Source — UI Testing (3 Streams × 5 Destinations),Internal manual QA procedure or acceptance evidence,MantrixFlow engineering and operations,Verify during page review,See duplicate-content.csv,Verify during page review,Review,Review in context,Not workflow-bound,Internal engineering documentation,MOVE TO ADVANCED SECTION,816,183,0,0,0,0,0,0
internal_reference,article,md-docs/manual-testing/ui-testing/db/mysql-ui.md,,MySQL Source — UI Testing (3 Streams × 5 Destinations),Internal manual QA procedure or acceptance evidence,MantrixFlow engineering and operations,Verify during page review,See duplicate-content.csv,Verify during page review,Review,Review in context,Not workflow-bound,Internal engineering documentation,MOVE TO ADVANCED SECTION,849,197,0,0,0,0,0,0
internal_reference,article,md-docs/manual-testing/ui-testing/db/postgres-ui.md,,PostgreSQL Source — UI Testing (3 Streams × 5 Destinations),Internal manual QA procedure or acceptance evidence,MantrixFlow engineering and operations,Verify during page review,See duplicate-content.csv,Verify during page review,Review,Review in context,Not workflow-bound,Internal engineering documentation,MOVE TO ADVANCED SECTION,984,226,0,0,0,0,0,0
internal_reference,article,md-docs/manual-testing/ui-testing/db/sqlite-ui.md,,SQLite Source — UI Testing (3 Streams × 5 Destinations),Internal manual QA procedure or acceptance evidence,MantrixFlow engineering and operations,Verify during page review,See duplicate-content.csv,Verify during page review,Review,Review in context,Not workflow-bound,Internal engineering documentation,MOVE TO ADVANCED SECTION,874,192,0,0,0,0,0,0
internal_reference,article,md-docs/manual-testing/ui-testing/saas/github-ui.md,,GitHub Source — UI Testing (All 12 Streams × 5 Destinations),Internal manual QA procedure or acceptance evidence,MantrixFlow engineering and operations,Verify during page review,See duplicate-content.csv,Verify during page review,Review,Review in context,Not workflow-bound,Internal engineering documentation,MOVE TO ADVANCED SECTION,1103,290,0,0,0,0,0,0
internal_reference,article,md-docs/manual-testing/ui-testing/saas/hubspot-ui.md,,HubSpot UI — Production Acceptance Guide,Internal manual QA procedure or acceptance evidence,MantrixFlow engineering and operations,Verify during page review,See duplicate-content.csv,Verify during page review,Review,Review in context,Not workflow-bound,Internal engineering documentation,MOVE TO ADVANCED SECTION,245,29,0,0,0,0,0,1
internal_reference,article,md-docs/manual-testing/ui-testing/saas/notion-ui.md,,Notion Source — UI Testing (All 3 Streams × 5 Destinations),Internal manual QA procedure or acceptance evidence,MantrixFlow engineering and operations,Verify during page review,See duplicate-content.csv,Verify during page review,Review,Review in context,Not workflow-bound,Internal engineering documentation,MOVE TO ADVANCED SECTION,905,205,0,0,0,0,0,0
internal_reference,article,md-docs/manual-testing/ui-testing/saas/shopify-ui.md,,Shopify Source — UI Testing (All 14 Streams × 5 Destinations),Internal manual QA procedure or acceptance evidence,MantrixFlow engineering and operations,Verify during page review,See duplicate-content.csv,Verify during page review,Likely,Review in context,Not workflow-bound,Internal engineering documentation,MOVE TO ADVANCED SECTION,1279,358,0,0,0,0,0,0
internal_reference,article,md-docs/manual-testing/ui-testing/saas/stripe-ui.md,,Stripe Source — UI Testing (All 19 Streams × 5 Destinations),Internal manual QA procedure or acceptance evidence,MantrixFlow engineering and operations,Verify during page review,See duplicate-content.csv,Verify during page review,Likely,Review in context,Not workflow-bound,Internal engineering documentation,MOVE TO ADVANCED SECTION,2184,574,0,0,0,0,0,0
internal_reference,article,md-docs/observability-deployment.md,,Observability deployment (AWS + Vercel),Internal setup or operations guidance,MantrixFlow engineering and operations,Verify during page review,See duplicate-content.csv,Verify during page review,Review,Review in context,Not workflow-bound,Internal engineering documentation,MOVE TO ADVANCED SECTION,861,203,0,0,0,0,0,1
internal_reference,article,md-docs/pipeline-all-streams-chrome-e2e-report-2026-07-19.md,,Pipeline All-Streams Chrome E2E Report — 2026-07-19,Technical guidance: Pipeline All-Streams Chrome E2E Report — 2026-07-19,Technical product users and administrators,Verify during page review,See duplicate-content.csv,Verify during page review,Likely,Review in context,Not workflow-bound,Internal engineering documentation,ARCHIVE,3977,311,0,0,0,1,0,5
internal_reference,article,md-docs/pipeline-new-layout-e2e-report-2026-07-18.md,,Pipeline New-Layout End-to-End Test Report — 2026-07-18,Technical guidance: Pipeline New-Layout End-to-End Test Report — 2026-07-18,Technical product users and administrators,Verify during page review,See duplicate-content.csv,Verify during page review,Likely,Review in context,Not workflow-bound,Internal engineering documentation,ARCHIVE,2990,225,0,0,0,0,0,2
internal_reference,article,md-docs/playwright-complete-workflow-e2e-summary.md,,Playwright complete workflow E2E summary,Technical guidance: Playwright complete workflow E2E summary,Technical product users and administrators,Verify during page review,See duplicate-content.csv,Verify during page review,Likely,Review in context,Not workflow-bound,Internal engineering documentation,ARCHIVE,1269,82,0,0,0,0,0,24
internal_reference,article,md-docs/posthog-betterstack-setup.md,,Moved — use three separate guides,Internal setup or operations guidance,MantrixFlow engineering and operations,Verify during page review,See duplicate-content.csv,Verify during page review,Review,Review in context,Not workflow-bound,Internal engineering documentation,MOVE TO ADVANCED SECTION,27,6,0,0,0,0,0,0
internal_reference,article,md-docs/posthog-full-integration.md,,PostHog + Better Stack full integration (MantrixFlow),Technical guidance: PostHog + Better Stack full integration (MantrixFlow),Technical product users and administrators,Verify during page review,See duplicate-content.csv,Verify during page review,Review,Review in context,Not workflow-bound,Internal engineering documentation,MOVE TO ADVANCED SECTION,804,183,0,0,0,0,0,0
internal_reference,article,md-docs/posthog-setup.md,,PostHog setup (MantrixFlow — US cloud),Internal setup or operations guidance,MantrixFlow engineering and operations,Verify during page review,See duplicate-content.csv,Verify during page review,Likely,Review in context,Not workflow-bound,Internal engineering documentation,MOVE TO ADVANCED SECTION,2400,403,0,0,0,0,0,2
internal_reference,article,md-docs/saas-sources-group2.md,,Group 2 — SaaS Sources: Detailed Implementation Guide,Technical guidance: Group 2 — SaaS Sources: Detailed Implementation Guide,Technical product users and administrators,Verify during page review,See duplicate-content.csv,Verify during page review,Likely,Review in context,Not workflow-bound,Internal engineering documentation,KEEP AND IMPROVE,5696,1590,0,0,0,0,0,3
internal_reference,article,md-docs/salesforce-postgres-setup.md,,Salesforce to PostgreSQL Setup Guide,Internal setup or operations guidance,MantrixFlow engineering and operations,Verify during page review,See duplicate-content.csv,Verify during page review,Review,Review in context,Not workflow-bound,Internal engineering documentation,MOVE TO ADVANCED SECTION,1048,326,0,0,0,0,0,0
internal_reference,article,md-docs/salesforce-postgres-testing-guide.md,,Salesforce to PostgreSQL Testing Guide,Technical guidance: Salesforce to PostgreSQL Testing Guide,Technical product users and administrators,Unverified,See duplicate-content.csv,Possible,Review,Review in context,Not workflow-bound,Internal engineering documentation,REQUIRES PRODUCT CONFIRMATION,1119,356,0,0,0,0,0,1
internal_reference,article,md-docs/slack-guide.md,,MantrixFlow Slack App Guide,Technical guidance: MantrixFlow Slack App Guide,Technical product users and administrators,Unverified,See duplicate-content.csv,Possible,Likely,Review in context,Not workflow-bound,Internal engineering documentation,REQUIRES PRODUCT CONFIRMATION,3226,801,0,0,0,0,0,2
internal_reference,article,md-docs/source-to-destination-elt-flow.md,,MANTrixFlow Source-to-Destination ELT Flow,Technical guidance: MANTrixFlow Source-to-Destination ELT Flow,Technical product users and administrators,Verify during page review,See duplicate-content.csv,Verify during page review,Likely,Review in context,Not workflow-bound,Internal engineering documentation,KEEP AND IMPROVE,1257,395,0,0,0,0,0,2
internal_reference,article,md-docs/strict-elt-pipeline-guide.md,,MANTrixFlow — Strict ELT Pipeline Guide,Technical guidance: MANTrixFlow — Strict ELT Pipeline Guide,Technical product users and administrators,Verify during page review,See duplicate-content.csv,Verify during page review,Review,Review in context,Not workflow-bound,Internal engineering documentation,KEEP AND IMPROVE,1149,189,0,0,0,0,0,3
internal_reference,article,md-docs/stripe-connector-ai-prompts.md,,MantrixFlow Stripe Source Connector AI Prompts,Implementation plan or engineering reference,Technical product users and administrators,Verify during page review,See duplicate-content.csv,Verify during page review,Likely,Review in context,Not workflow-bound,Internal engineering documentation,ARCHIVE,2305,426,0,0,0,0,0,1
internal_reference,article,md-docs/supabase-auth-email-templates.md,,Supabase Auth Email Templates,Internal setup or operations guidance,Technical product users and administrators,Verify during page review,See duplicate-content.csv,Verify during page review,Review,Review in context,Not workflow-bound,Internal engineering documentation,MOVE TO ADVANCED SECTION,1184,281,0,0,0,0,0,0
internal_reference,article,md-docs/testcase.md,,Pipeline E2E & Unit Tests — 50 Source × Destination Pipelines (All Streams),Technical guidance: Pipeline E2E & Unit Tests — 50 Source × Destination Pipelines (All Streams),Technical product users and administrators,Verify during page review,See duplicate-content.csv,Verify during page review,Likely,Review in context,Not workflow-bound,Internal engineering documentation,ARCHIVE,2676,417,0,0,0,0,0,0
internal_reference,article,md-docs/testing-local.md,,Local Manual Testing Guide,Technical guidance: Local Manual Testing Guide,Technical product users and administrators,Verify during page review,See duplicate-content.csv,Verify during page review,Likely,Review in context,Not workflow-bound,Internal engineering documentation,ARCHIVE,3487,979,0,0,0,0,0,1
internal_reference,article,md-docs/tigris-storage-setup.md,,Tigris Storage Setup Guide,Internal setup or operations guidance,MantrixFlow engineering and operations,Verify during page review,See duplicate-content.csv,Verify during page review,Review,Review in context,Not workflow-bound,Internal engineering documentation,MOVE TO ADVANCED SECTION,579,187,0,0,0,0,0,0
