surface,kind,location,route,current_title,content_purpose,target_user,accurate,duplicated,outdated,too_detailed,unclear,needed_in_current_workflow,belongs_in,recommended_action,source_words,source_lines,dialog_markers,tooltip_markers,notification_markers,empty_state_markers,loading_state_markers,claim_markers
website,route,apps/website/app/about/page.tsx,/about,Page,Primary content for Page,Prospective and evaluating customers,Verify during page review,See duplicate-content.csv,Verify during page review,Review,Review in context,Not workflow-bound,website,KEEP AND IMPROVE,359,58,0,0,0,0,0,2
website,route,apps/website/app/agents/page.tsx,/agents,Page,Primary content for Page,Prospective and evaluating customers,Unverified,See duplicate-content.csv,Possible,Review,Review in context,Not workflow-bound,website,REQUIRES PRODUCT CONFIRMATION,517,151,0,0,0,0,0,3
website,route,apps/website/app/compare/page.tsx,/compare,Page,Primary content for Page,Prospective and evaluating customers,Verify during page review,See duplicate-content.csv,Verify during page review,Review,Review in context,Not workflow-bound,website,KEEP AND IMPROVE,499,139,0,0,0,0,0,0
website,route,apps/website/app/connectors/page.tsx,/connectors,Page,Primary content for Page,Prospective and evaluating customers,Verify during page review,See duplicate-content.csv,Verify during page review,Review,Review in context,Not workflow-bound,website,KEEP AND IMPROVE,637,183,0,0,0,0,0,2
website,route,apps/website/app/contact/page.tsx,/contact,Page,Primary content for Page,Prospective and evaluating customers,Verify during page review,See duplicate-content.csv,Verify during page review,Review,Review in context,Not workflow-bound,website,KEEP AND IMPROVE,369,63,0,0,0,0,0,0
website,route,apps/website/app/developers/page.tsx,/developers,Page,Primary content for Page,Prospective and evaluating customers,Verify during page review,See duplicate-content.csv,Verify during page review,Review,Review in context,Not workflow-bound,website,KEEP AND IMPROVE,407,68,0,0,0,0,0,0
website,route,apps/website/app/integrations/page.tsx,/integrations,Page,Primary content for Page,Prospective and evaluating customers,Verify during page review,See duplicate-content.csv,Verify during page review,Review,Review in context,Not workflow-bound,website,KEEP AND IMPROVE,423,143,0,0,0,0,0,0
website,layout,apps/website/app/layout.tsx,/,Layout,"Shared navigation, metadata, or layout content",Prospective and evaluating customers,Verify during page review,See duplicate-content.csv,Verify during page review,Review,Review in context,Not workflow-bound,website,KEEP AND IMPROVE,319,116,0,0,0,0,0,0
website,component,apps/website/app/legal/legal-client.tsx,,Legal Client,Reusable content for Legal Client,Prospective and evaluating customers,Verify during page review,See duplicate-content.csv,Verify during page review,Review,Review in context,Not workflow-bound,website,KEEP AND IMPROVE,185,66,0,0,0,0,0,0
website,route,apps/website/app/legal/page.tsx,/legal,Page,Primary content for Page,Prospective and evaluating customers,Verify during page review,See duplicate-content.csv,Verify during page review,Review,Review in context,Not workflow-bound,website,KEEP AND IMPROVE,50,16,0,0,0,0,0,0
website,component,apps/website/app/not-found.tsx,,This route ends here.,Reusable content for This route ends here.,Prospective and evaluating customers,Verify during page review,See duplicate-content.csv,Verify during page review,Review,Review in context,Not workflow-bound,website,KEEP AND IMPROVE,206,57,0,0,0,0,0,0
website,route,apps/website/app/page.tsx,/,Page,Primary content for Page,Prospective and evaluating customers,Verify during page review,See duplicate-content.csv,Verify during page review,Review,Review in context,Not workflow-bound,website,KEEP AND IMPROVE,21,10,0,0,0,0,0,0
website,route,apps/website/app/pricing/page.tsx,/pricing,Page,Primary content for Page,Prospective and evaluating customers,Verify during page review,See duplicate-content.csv,Verify during page review,Review,Review in context,Not workflow-bound,website,KEEP AND IMPROVE,55,16,0,0,0,0,0,0
website,component,apps/website/app/pricing/pricing-client.tsx,,"Simple, transparent pricing","Reusable content for Simple, transparent pricing",Prospective and evaluating customers,Verify during page review,See duplicate-content.csv,Verify during page review,Review,Review in context,Not workflow-bound,website,KEEP AND IMPROVE,1030,363,0,0,0,0,0,3
website,route,apps/website/app/privacy/page.tsx,/privacy,Page,Primary content for Page,Prospective and evaluating customers,Verify during page review,See duplicate-content.csv,Verify during page review,Review,Review in context,Not workflow-bound,website,KEEP AND IMPROVE,46,16,0,0,0,0,0,0
website,component,apps/website/app/privacy/privacy-client.tsx,,Privacy Client,Reusable content for Privacy Client,Prospective and evaluating customers,Verify during page review,See duplicate-content.csv,Verify during page review,Review,Review in context,Not workflow-bound,website,KEEP AND IMPROVE,613,155,0,0,0,0,0,0
website,route,apps/website/app/subprocessors/page.tsx,/subprocessors,Page,Primary content for Page,Prospective and evaluating customers,Verify during page review,See duplicate-content.csv,Verify during page review,Review,Review in context,Not workflow-bound,website,KEEP AND IMPROVE,47,16,0,0,0,0,0,0
website,component,apps/website/app/subprocessors/subprocessors-client.tsx,,Subprocessors Client,Reusable content for Subprocessors Client,Prospective and evaluating customers,Verify during page review,See duplicate-content.csv,Verify during page review,Review,Review in context,Not workflow-bound,website,KEEP AND IMPROVE,475,162,0,0,0,0,0,0
website,route,apps/website/app/terms/page.tsx,/terms,Page,Primary content for Page,Prospective and evaluating customers,Verify during page review,See duplicate-content.csv,Verify during page review,Review,Review in context,Not workflow-bound,website,KEEP AND IMPROVE,46,15,0,0,0,0,0,0
website,component,apps/website/app/terms/terms-client.tsx,,Terms Client,Reusable content for Terms Client,Prospective and evaluating customers,Verify during page review,See duplicate-content.csv,Verify during page review,Review,Review in context,Not workflow-bound,website,KEEP AND IMPROVE,689,151,0,0,0,0,0,0
website,component,apps/website/components/animated-noise.tsx,,Animated Noise,Reusable content for Animated Noise,Prospective and evaluating customers,Verify during page review,See duplicate-content.csv,Verify during page review,Review,Review in context,Not workflow-bound,website,KEEP AND IMPROVE,205,81,0,0,0,0,0,0
website,component,apps/website/components/bitmap-chevron.tsx,,Bitmap Chevron,Reusable content for Bitmap Chevron,Prospective and evaluating customers,Verify during page review,See duplicate-content.csv,Verify during page review,Review,Review in context,Not workflow-bound,website,KEEP AND IMPROVE,39,20,0,0,0,0,0,0
website,component,apps/website/components/colophon-section.tsx,,Colophon Section,Reusable content for Colophon Section,Prospective and evaluating customers,Verify during page review,See duplicate-content.csv,Verify during page review,Review,Review in context,Not workflow-bound,website,KEEP AND IMPROVE,8,2,0,0,0,0,0,0
website,content-source,apps/website/components/commit-graph-layout.ts,,Commit Graph Layout,Reusable content for Commit Graph Layout,Prospective and evaluating customers,Verify during page review,See duplicate-content.csv,Verify during page review,Review,Review in context,Not workflow-bound,website,KEEP AND IMPROVE,357,137,0,0,0,0,0,0
website,component,apps/website/components/commit-graph.tsx,,Commit Graph,Reusable content for Commit Graph,Prospective and evaluating customers,Verify during page review,See duplicate-content.csv,Verify during page review,Likely,Review in context,Not workflow-bound,website,KEEP AND IMPROVE,1284,481,0,0,0,0,0,0
website,component,apps/website/components/core-features-section.tsx,,Core Features Section,Reusable content for Core Features Section,Prospective and evaluating customers,Verify during page review,See duplicate-content.csv,Verify during page review,Review,Review in context,Not workflow-bound,website,KEEP AND IMPROVE,133,52,0,0,0,0,0,0
website,component,apps/website/components/cta-section.tsx,,Cta Section,Reusable content for Cta Section,Prospective and evaluating customers,Verify during page review,See duplicate-content.csv,Verify during page review,Review,Review in context,Not workflow-bound,website,KEEP AND IMPROVE,464,147,0,0,0,0,0,0
website,component,apps/website/components/draw-text.tsx,,))},Reusable content for ))},Prospective and evaluating customers,Verify during page review,See duplicate-content.csv,Verify during page review,Review,Review in context,Not workflow-bound,website,KEEP AND IMPROVE,377,154,0,0,0,0,0,0
website,component,apps/website/components/features-accordion-section.tsx,,Features Accordion Section,Reusable content for Features Accordion Section,Prospective and evaluating customers,Verify during page review,See duplicate-content.csv,Verify during page review,Review,Review in context,Not workflow-bound,website,KEEP AND IMPROVE,675,254,0,0,0,0,0,0
website,component,apps/website/components/footer.tsx,,Footer,Reusable content for Footer,Prospective and evaluating customers,Verify during page review,See duplicate-content.csv,Verify during page review,Review,Review in context,Not workflow-bound,website,KEEP AND IMPROVE,382,146,0,0,0,0,0,0
website,component,apps/website/components/hero-section.tsx,,Hero Section,Reusable content for Hero Section,Prospective and evaluating customers,Verify during page review,See duplicate-content.csv,Verify during page review,Review,Review in context,Not workflow-bound,website,KEEP AND IMPROVE,725,256,0,0,0,0,0,1
website,component,apps/website/components/highlight-text.tsx,,Highlight Text,Reusable content for Highlight Text,Prospective and evaluating customers,Verify during page review,See duplicate-content.csv,Verify during page review,Review,Review in context,Not workflow-bound,website,KEEP AND IMPROVE,206,95,0,0,0,0,0,0
website,component,apps/website/components/home/home-hero.tsx,,The clear path for your data.,Reusable content for The clear path for your data.,Prospective and evaluating customers,Verify during page review,See duplicate-content.csv,Verify during page review,Review,Review in context,Not workflow-bound,website,KEEP AND IMPROVE,214,65,0,0,0,0,0,1
website,component,apps/website/components/home/home-latest.tsx,,Home Latest,Reusable content for Home Latest,Prospective and evaluating customers,Verify during page review,See duplicate-content.csv,Verify during page review,Review,Review in context,Not workflow-bound,website,KEEP AND IMPROVE,236,74,0,0,0,0,0,0
website,component,apps/website/components/home/home-story.tsx,,Home Story,Reusable content for Home Story,Prospective and evaluating customers,Verify during page review,See duplicate-content.csv,Verify during page review,Review,Review in context,Not workflow-bound,website,KEEP AND IMPROVE,935,277,0,0,0,0,0,0
website,component,apps/website/components/integrations-section.tsx,,Integrations Section,Reusable content for Integrations Section,Prospective and evaluating customers,Verify during page review,See duplicate-content.csv,Verify during page review,Review,Review in context,Not workflow-bound,website,KEEP AND IMPROVE,125,53,0,0,0,0,0,0
website,component,apps/website/components/kibo-ui/pill/index.tsx,,Index,Reusable content for Index,Prospective and evaluating customers,Verify during page review,See duplicate-content.csv,Verify during page review,Review,Review in context,Not workflow-bound,website,KEEP AND IMPROVE,412,171,0,0,0,0,0,0
website,component,apps/website/components/log-viewer-minimal.tsx,,Log Viewer Minimal,Reusable content for Log Viewer Minimal,Prospective and evaluating customers,Verify during page review,See duplicate-content.csv,Verify during page review,Review,Review in context,Not workflow-bound,website,KEEP AND IMPROVE,220,102,0,0,0,0,0,1
website,component,apps/website/components/log-viewer-shared.tsx,,Log Viewer Shared,Reusable content for Log Viewer Shared,Prospective and evaluating customers,Verify during page review,See duplicate-content.csv,Verify during page review,Review,Review in context,Not workflow-bound,website,KEEP AND IMPROVE,628,234,0,0,0,0,0,0
website,component,apps/website/components/log-viewer.tsx,,Log Viewer,Reusable content for Log Viewer,Prospective and evaluating customers,Verify during page review,See duplicate-content.csv,Verify during page review,Review,Review in context,Not workflow-bound,website,KEEP AND IMPROVE,1110,494,0,0,0,0,0,2
website,component,apps/website/components/logo.tsx,,Logo,Reusable content for Logo,Prospective and evaluating customers,Verify during page review,See duplicate-content.csv,Verify during page review,Review,Review in context,Not workflow-bound,website,KEEP AND IMPROVE,52,25,0,0,0,0,0,0
website,component,apps/website/components/marketing/announcement-pill.tsx,,Announcement Pill,Reusable content for Announcement Pill,Prospective and evaluating customers,Verify during page review,See duplicate-content.csv,Verify during page review,Review,Review in context,Not workflow-bound,website,KEEP AND IMPROVE,91,37,0,0,0,0,0,0
website,component,apps/website/components/marketing/brand-icons.tsx,,Brand Icons,Reusable content for Brand Icons,Prospective and evaluating customers,Verify during page review,See duplicate-content.csv,Verify during page review,Review,Review in context,Not workflow-bound,website,KEEP AND IMPROVE,869,334,0,0,0,0,0,0
website,component,apps/website/components/marketing/connector-icon.tsx,,Connector Icon,Reusable content for Connector Icon,Prospective and evaluating customers,Verify during page review,See duplicate-content.csv,Verify during page review,Review,Review in context,Not workflow-bound,website,KEEP AND IMPROVE,200,88,0,0,0,0,0,0
website,component,apps/website/components/marketing/connectors-grid.tsx,,Connectors Grid,Reusable content for Connectors Grid,Prospective and evaluating customers,Verify during page review,See duplicate-content.csv,Verify during page review,Review,Review in context,Not workflow-bound,website,KEEP AND IMPROVE,568,215,0,0,0,0,0,9
website,component,apps/website/components/marketing/connectors-teaser.tsx,,Connectors Teaser,Reusable content for Connectors Teaser,Prospective and evaluating customers,Verify during page review,See duplicate-content.csv,Verify during page review,Review,Review in context,Not workflow-bound,website,KEEP AND IMPROVE,322,124,0,0,0,0,0,0
website,component,apps/website/components/marketing/editorial-page.tsx,,Editorial Page,Reusable content for Editorial Page,Prospective and evaluating customers,Verify during page review,See duplicate-content.csv,Verify during page review,Review,Review in context,Not workflow-bound,website,KEEP AND IMPROVE,232,109,0,0,0,0,0,0
website,component,apps/website/components/marketing/elt-phases-section.tsx,,Elt Phases Section,Reusable content for Elt Phases Section,Prospective and evaluating customers,Verify during page review,See duplicate-content.csv,Verify during page review,Review,Review in context,Not workflow-bound,website,KEEP AND IMPROVE,355,125,0,0,0,0,0,0
website,component,apps/website/components/marketing/features-bento-section.tsx,,Features Bento Section,Reusable content for Features Bento Section,Prospective and evaluating customers,Verify during page review,See duplicate-content.csv,Verify during page review,Review,Review in context,Not workflow-bound,website,KEEP AND IMPROVE,1073,344,0,0,0,0,0,0
website,component,apps/website/components/marketing/hero-feature-cards.tsx,,Hero Feature Cards,Reusable content for Hero Feature Cards,Prospective and evaluating customers,Verify during page review,See duplicate-content.csv,Verify during page review,Review,Review in context,Not workflow-bound,website,KEEP AND IMPROVE,259,97,0,0,0,0,0,0
website,component,apps/website/components/marketing/how-it-works-data.tsx,,How It Works Data,Reusable content for How It Works Data,Prospective and evaluating customers,Verify during page review,See duplicate-content.csv,Verify during page review,Review,Review in context,Not workflow-bound,website,KEEP AND IMPROVE,48,25,0,0,0,0,0,0
website,component,apps/website/components/marketing/how-it-works-flow-tree.tsx,,How It Works Flow Tree,Reusable content for How It Works Flow Tree,Prospective and evaluating customers,Verify during page review,See duplicate-content.csv,Verify during page review,Review,Review in context,Not workflow-bound,website,KEEP AND IMPROVE,468,173,0,0,0,0,0,0
website,component,apps/website/components/marketing/how-it-works-preview.tsx,,How It Works Preview,Reusable content for How It Works Preview,Prospective and evaluating customers,Verify during page review,See duplicate-content.csv,Verify during page review,Review,Review in context,Not workflow-bound,website,KEEP AND IMPROVE,902,297,0,0,0,0,0,0
website,component,apps/website/components/marketing/how-it-works-section.tsx,,How It Works Section,Reusable content for How It Works Section,Prospective and evaluating customers,Verify during page review,See duplicate-content.csv,Verify during page review,Review,Review in context,Not workflow-bound,website,KEEP AND IMPROVE,611,204,0,0,0,0,0,1
website,component,apps/website/components/marketing/integrations-grid.tsx,,Integrations Grid,Reusable content for Integrations Grid,Prospective and evaluating customers,Verify during page review,See duplicate-content.csv,Verify during page review,Review,Review in context,Not workflow-bound,website,KEEP AND IMPROVE,159,65,0,0,0,0,0,0
website,component,apps/website/components/marketing/integrations-teaser.tsx,,Integrations Teaser,Reusable content for Integrations Teaser,Prospective and evaluating customers,Verify during page review,See duplicate-content.csv,Verify during page review,Review,Review in context,Not workflow-bound,website,KEEP AND IMPROVE,279,96,0,0,0,0,0,0
website,component,apps/website/components/marketing/page-shell.tsx,,Page Shell,Reusable content for Page Shell,Prospective and evaluating customers,Verify during page review,See duplicate-content.csv,Verify during page review,Review,Review in context,Not workflow-bound,website,KEEP AND IMPROVE,198,92,0,0,0,0,0,0
website,component,apps/website/components/marketing/principles-grid.tsx,,Principles Grid,Reusable content for Principles Grid,Prospective and evaluating customers,Verify during page review,See duplicate-content.csv,Verify during page review,Review,Review in context,Not workflow-bound,website,KEEP AND IMPROVE,376,137,0,0,0,0,0,0
website,component,apps/website/components/marketing/product-page-blocks.tsx,,Product Page Blocks,Reusable content for Product Page Blocks,Prospective and evaluating customers,Verify during page review,See duplicate-content.csv,Verify during page review,Review,Review in context,Not workflow-bound,website,KEEP AND IMPROVE,730,274,0,0,0,0,0,0
website,component,apps/website/components/marketing/product-screenshot.tsx,,Product Screenshot,Reusable content for Product Screenshot,Prospective and evaluating customers,Verify during page review,See duplicate-content.csv,Verify during page review,Review,Review in context,Not workflow-bound,website,KEEP AND IMPROVE,54,30,0,0,0,0,0,0
website,content-source,apps/website/components/marketing/product-workspace-demo-data.ts,,Product Workspace Demo Data,Reusable content for Product Workspace Demo Data,Prospective and evaluating customers,Verify during page review,See duplicate-content.csv,Verify during page review,Review,Review in context,Not workflow-bound,website,KEEP AND IMPROVE,153,53,0,0,0,0,0,0
website,component,apps/website/components/marketing/product-workspace-demo.tsx,,Product Workspace Demo,Reusable content for Product Workspace Demo,Prospective and evaluating customers,Verify during page review,See duplicate-content.csv,Verify during page review,Review,Review in context,Not workflow-bound,website,KEEP AND IMPROVE,514,201,0,0,0,0,0,0
website,component,apps/website/components/marketing/product-workspace-flow.tsx,,Product Workspace Flow,Reusable content for Product Workspace Flow,Prospective and evaluating customers,Verify during page review,See duplicate-content.csv,Verify during page review,Review,Review in context,Not workflow-bound,website,KEEP AND IMPROVE,619,240,0,0,0,0,0,0
website,component,apps/website/components/marketing/product-workspace-run-views.tsx,,Product Workspace Run Views,Reusable content for Product Workspace Run Views,Prospective and evaluating customers,Verify during page review,See duplicate-content.csv,Verify during page review,Review,Review in context,Not workflow-bound,website,KEEP AND IMPROVE,733,268,0,0,0,0,0,2
website,component,apps/website/components/marketing/saas-blocks.tsx,,Saas Blocks,Reusable content for Saas Blocks,Prospective and evaluating customers,Verify during page review,See duplicate-content.csv,Verify during page review,Review,Review in context,Not workflow-bound,website,KEEP AND IMPROVE,986,428,0,0,0,0,0,0
website,component,apps/website/components/marketing/section-header.tsx,,Section Header,Reusable content for Section Header,Prospective and evaluating customers,Verify during page review,See duplicate-content.csv,Verify during page review,Review,Review in context,Not workflow-bound,website,KEEP AND IMPROVE,148,60,0,0,0,0,0,0
website,component,apps/website/components/marketing/solutions-menu.tsx,,Solutions Menu,Reusable content for Solutions Menu,Prospective and evaluating customers,Verify during page review,See duplicate-content.csv,Verify during page review,Review,Review in context,Not workflow-bound,website,KEEP AND IMPROVE,319,136,0,0,0,0,0,0
website,component,apps/website/components/marketing/stats-bar.tsx,,Stats Bar,Reusable content for Stats Bar,Prospective and evaluating customers,Verify during page review,See duplicate-content.csv,Verify during page review,Review,Review in context,Not workflow-bound,website,KEEP AND IMPROVE,170,66,0,0,0,0,0,0
website,component,apps/website/components/multi-org-section.tsx,,Multi Org Section,Reusable content for Multi Org Section,Prospective and evaluating customers,Verify during page review,See duplicate-content.csv,Verify during page review,Review,Review in context,Not workflow-bound,website,KEEP AND IMPROVE,158,48,0,0,0,0,0,0
website,dialog,apps/website/components/navbar.tsx,,Navbar,"Contextual dialog, sheet, or confirmation content",Prospective and evaluating customers,Verify during page review,See duplicate-content.csv,Verify during page review,Review,Review in context,Not workflow-bound,website,KEEP AND IMPROVE,352,149,3,0,0,0,0,0
website,component,apps/website/components/page-sections.tsx,,Page Sections,Reusable content for Page Sections,Prospective and evaluating customers,Verify during page review,See duplicate-content.csv,Verify during page review,Review,Review in context,Not workflow-bound,website,KEEP AND IMPROVE,58,20,0,0,0,0,0,0
website,component,apps/website/components/principles-section.tsx,,Principles Section,Reusable content for Principles Section,Prospective and evaluating customers,Verify during page review,See duplicate-content.csv,Verify during page review,Review,Review in context,Not workflow-bound,website,KEEP AND IMPROVE,91,36,0,0,0,0,0,0
website,component,apps/website/components/product-gallery-section.tsx,,Product Gallery Section,Reusable content for Product Gallery Section,Prospective and evaluating customers,Verify during page review,See duplicate-content.csv,Verify during page review,Review,Review in context,Not workflow-bound,website,KEEP AND IMPROVE,143,51,0,0,0,0,0,0
website,component,apps/website/components/repo-card.tsx,,Repo Card,Reusable content for Repo Card,Prospective and evaluating customers,Verify during page review,See duplicate-content.csv,Verify during page review,Review,Review in context,Not workflow-bound,website,KEEP AND IMPROVE,888,285,0,0,0,0,0,0
website,component,apps/website/components/scramble-text.tsx,,Scramble Text,Reusable content for Scramble Text,Prospective and evaluating customers,Verify during page review,See duplicate-content.csv,Verify during page review,Review,Review in context,Not workflow-bound,website,KEEP AND IMPROVE,509,188,0,0,0,0,0,0
website,component,apps/website/components/section-header.tsx,,Section Header,Reusable content for Section Header,Prospective and evaluating customers,Verify during page review,See duplicate-content.csv,Verify during page review,Review,Review in context,Not workflow-bound,website,KEEP AND IMPROVE,129,56,0,0,0,0,0,0
website,component,apps/website/components/shared/error-boundary.tsx,,Error Boundary,Reusable content for Error Boundary,Prospective and evaluating customers,Verify during page review,See duplicate-content.csv,Verify during page review,Review,Review in context,Not workflow-bound,website,KEEP AND IMPROVE,149,57,0,0,0,0,0,0
website,component,apps/website/components/shared/json-ld.tsx,,Json Ld,Reusable content for Json Ld,Prospective and evaluating customers,Verify during page review,See duplicate-content.csv,Verify during page review,Review,Review in context,Not workflow-bound,website,KEEP AND IMPROVE,25,15,0,0,0,0,0,0
website,component,apps/website/components/shared/smart-link.tsx,,Smart Link,Reusable content for Smart Link,Prospective and evaluating customers,Verify during page review,See duplicate-content.csv,Verify during page review,Review,Review in context,Not workflow-bound,website,KEEP AND IMPROVE,137,56,0,0,0,0,0,0
website,component,apps/website/components/side-nav.tsx,,Side Nav,Reusable content for Side Nav,Prospective and evaluating customers,Verify during page review,See duplicate-content.csv,Verify during page review,Review,Review in context,Not workflow-bound,website,KEEP AND IMPROVE,267,109,0,0,0,0,0,0
website,component,apps/website/components/signals-section.tsx,,Signals Section,Reusable content for Signals Section,Prospective and evaluating customers,Verify during page review,See duplicate-content.csv,Verify during page review,Review,Review in context,Not workflow-bound,website,KEEP AND IMPROVE,595,187,0,0,0,0,0,1
website,component,apps/website/components/smooth-scroll.tsx,,Smooth Scroll,Reusable content for Smooth Scroll,Prospective and evaluating customers,Verify during page review,See duplicate-content.csv,Verify during page review,Review,Review in context,Not workflow-bound,website,KEEP AND IMPROVE,61,22,0,0,0,0,0,0
website,component,apps/website/components/split-flap-text.tsx,,Split Flap Text,Reusable content for Split Flap Text,Prospective and evaluating customers,Verify during page review,See duplicate-content.csv,Verify during page review,Review,Review in context,Not workflow-bound,website,KEEP AND IMPROVE,930,369,0,0,0,0,0,0
website,component,apps/website/components/status-badge.tsx,,Status Badge,Reusable content for Status Badge,Prospective and evaluating customers,Verify during page review,See duplicate-content.csv,Verify during page review,Review,Review in context,Not workflow-bound,website,KEEP AND IMPROVE,315,131,0,0,0,0,0,0
website,component,apps/website/components/workflow-section.tsx,,Workflow Section,Reusable content for Workflow Section,Prospective and evaluating customers,Verify during page review,See duplicate-content.csv,Verify during page review,Review,Review in context,Not workflow-bound,website,KEEP AND IMPROVE,130,51,0,0,0,0,0,0
website,content-source,apps/website/lib/agent-readiness/api.ts,,Api,Reusable content for Api,Prospective and evaluating customers,Verify during page review,See duplicate-content.csv,Verify during page review,Review,Review in context,Not workflow-bound,website,KEEP AND IMPROVE,114,52,0,0,0,0,0,0
website,content-source,apps/website/lib/agent-readiness/capabilities.ts,,Capabilities,Reusable content for Capabilities,Prospective and evaluating customers,Verify during page review,See duplicate-content.csv,Verify during page review,Review,Review in context,Not workflow-bound,website,KEEP AND IMPROVE,134,63,0,0,0,0,0,0
website,content-source,apps/website/lib/agent-readiness/openapi.ts,,Openapi,Reusable content for Openapi,Prospective and evaluating customers,Verify during page review,See duplicate-content.csv,Verify during page review,Review,Review in context,Not workflow-bound,website,KEEP AND IMPROVE,618,202,0,0,0,0,0,0
website,content-source,apps/website/lib/agent-readiness/schema.ts,,Schema,Reusable content for Schema,Prospective and evaluating customers,Verify during page review,See duplicate-content.csv,Verify during page review,Review,Review in context,Not workflow-bound,website,KEEP AND IMPROVE,135,58,0,0,0,0,0,0
website,content-source,apps/website/lib/connector-catalog.ts,,Connector Catalog,Reusable content for Connector Catalog,Prospective and evaluating customers,Verify during page review,See duplicate-content.csv,Verify during page review,Review,Review in context,Not workflow-bound,website,KEEP AND IMPROVE,1191,405,0,0,0,0,0,40
website,content-source,apps/website/lib/github.ts,,Github,Reusable content for Github,Prospective and evaluating customers,Verify during page review,See duplicate-content.csv,Verify during page review,Review,Review in context,Not workflow-bound,website,KEEP AND IMPROVE,559,158,0,0,0,0,0,0
website,content-source,apps/website/lib/marketing-content.ts,,Marketing Content,Reusable content for Marketing Content,Prospective and evaluating customers,Verify during page review,See duplicate-content.csv,Verify during page review,Likely,Review in context,Not workflow-bound,website,SHORTEN,1634,484,0,0,0,0,0,3
website,content-source,apps/website/lib/sample-logs.ts,,Sample Logs,Reusable content for Sample Logs,Prospective and evaluating customers,Verify during page review,See duplicate-content.csv,Verify during page review,Review,Review in context,Not workflow-bound,website,KEEP AND IMPROVE,634,209,0,0,0,0,0,0
application,component,apps/app/app/agents/[threadId]/error.tsx,,Error,Reusable content for Error,Authenticated MantrixFlow users,Verify during page review,See duplicate-content.csv,Verify during page review,Review,Review in context,Yes or contextual,application,KEEP AND IMPROVE,8,4,0,0,0,0,0,0
application,component,apps/app/app/agents/[threadId]/loading.tsx,,Loading,Reusable content for Loading,Authenticated MantrixFlow users,Verify during page review,See duplicate-content.csv,Verify during page review,Review,Review in context,Yes or contextual,application,KEEP AND IMPROVE,6,2,0,0,0,0,0,0
application,route,apps/app/app/agents/[threadId]/page.tsx,/agents/[threadId],Page,Primary content for Page,Authenticated MantrixFlow users,Verify during page review,See duplicate-content.csv,Verify during page review,Review,Review in context,Yes or contextual,application,KEEP AND IMPROVE,45,16,0,0,0,0,0,0
application,route,apps/app/app/agents/activity/page.tsx,/agents/activity,Page,Primary content for Page,Authenticated MantrixFlow users,Verify during page review,See duplicate-content.csv,Verify during page review,Review,Review in context,Yes or contextual,application,KEEP AND IMPROVE,15,6,0,0,0,0,0,0
application,route,apps/app/app/agents/automations/page.tsx,/agents/automations,Page,Primary content for Page,Authenticated MantrixFlow users,Verify during page review,See duplicate-content.csv,Verify during page review,Review,Review in context,Yes or contextual,application,KEEP AND IMPROVE,15,6,0,0,0,0,0,0
application,route,apps/app/app/agents/automations/policies/page.tsx,/agents/automations/policies,Page,Primary content for Page,Authenticated MantrixFlow users,Verify during page review,See duplicate-content.csv,Verify during page review,Review,Review in context,Yes or contextual,application,KEEP AND IMPROVE,15,6,0,0,0,0,0,0
application,route,apps/app/app/agents/automations/runs/page.tsx,/agents/automations/runs,Page,Primary content for Page,Authenticated MantrixFlow users,Verify during page review,See duplicate-content.csv,Verify during page review,Review,Review in context,Yes or contextual,application,KEEP AND IMPROVE,15,6,0,0,0,0,0,0
application,route,apps/app/app/agents/developer/api/page.tsx,/agents/developer/api,Page,Primary content for Page,Authenticated MantrixFlow users,Verify during page review,See duplicate-content.csv,Verify during page review,Review,Review in context,Yes or contextual,application,KEEP AND IMPROVE,15,6,0,0,0,0,0,0
application,route,apps/app/app/agents/developer/connectors/[connectorId]/page.tsx,/agents/developer/connectors/[connectorId],Page,Primary content for Page,Authenticated MantrixFlow users,Verify during page review,See duplicate-content.csv,Verify during page review,Review,Review in context,Yes or contextual,application,KEEP AND IMPROVE,37,9,0,0,0,0,0,0
application,route,apps/app/app/agents/developer/connectors/page.tsx,/agents/developer/connectors,Page,Primary content for Page,Authenticated MantrixFlow users,Verify during page review,See duplicate-content.csv,Verify during page review,Review,Review in context,Yes or contextual,application,KEEP AND IMPROVE,15,6,0,0,0,0,0,0
application,route,apps/app/app/agents/developer/page.tsx,/agents/developer,Page,Primary content for Page,Authenticated MantrixFlow users,Verify during page review,See duplicate-content.csv,Verify during page review,Review,Review in context,Yes or contextual,application,KEEP AND IMPROVE,15,6,0,0,0,0,0,0
application,route,apps/app/app/agents/developer/sdks/page.tsx,/agents/developer/sdks,Page,Primary content for Page,Authenticated MantrixFlow users,Verify during page review,See duplicate-content.csv,Verify during page review,Review,Review in context,Yes or contextual,application,KEEP AND IMPROVE,15,6,0,0,0,0,0,0
application,route,apps/app/app/agents/developer/templates/page.tsx,/agents/developer/templates,Page,Primary content for Page,Authenticated MantrixFlow users,Verify during page review,See duplicate-content.csv,Verify during page review,Review,Review in context,Yes or contextual,application,KEEP AND IMPROVE,15,6,0,0,0,0,0,0
application,route,apps/app/app/agents/developer/webhooks/page.tsx,/agents/developer/webhooks,Page,Primary content for Page,Authenticated MantrixFlow users,Verify during page review,See duplicate-content.csv,Verify during page review,Review,Review in context,Yes or contextual,application,KEEP AND IMPROVE,15,6,0,0,0,0,0,0
application,route,apps/app/app/agents/documentation/page.tsx,/agents/documentation,Page,Primary content for Page,Authenticated MantrixFlow users,Verify during page review,See duplicate-content.csv,Verify during page review,Review,Review in context,Yes or contextual,application,KEEP AND IMPROVE,15,6,0,0,0,0,0,0
application,route,apps/app/app/agents/enterprise/approvals/page.tsx,/agents/enterprise/approvals,Page,Primary content for Page,Authenticated MantrixFlow users,Verify during page review,See duplicate-content.csv,Verify during page review,Review,Review in context,Yes or contextual,application,KEEP AND IMPROVE,15,6,0,0,0,0,0,0
application,route,apps/app/app/agents/enterprise/compliance/page.tsx,/agents/enterprise/compliance,Page,Primary content for Page,Authenticated MantrixFlow users,Verify during page review,See duplicate-content.csv,Verify during page review,Review,Review in context,Yes or contextual,application,KEEP AND IMPROVE,15,6,0,0,0,0,0,0
application,route,apps/app/app/agents/enterprise/continuity/page.tsx,/agents/enterprise/continuity,Page,Primary content for Page,Authenticated MantrixFlow users,Verify during page review,See duplicate-content.csv,Verify during page review,Review,Review in context,Yes or contextual,application,KEEP AND IMPROVE,15,6,0,0,0,0,0,0
application,route,apps/app/app/agents/enterprise/data-products/page.tsx,/agents/enterprise/data-products,Page,Primary content for Page,Authenticated MantrixFlow users,Verify during page review,See duplicate-content.csv,Verify during page review,Review,Review in context,Yes or contextual,application,KEEP AND IMPROVE,15,6,0,0,0,0,0,0
application,route,apps/app/app/agents/enterprise/extensions/page.tsx,/agents/enterprise/extensions,Page,Primary content for Page,Authenticated MantrixFlow users,Verify during page review,See duplicate-content.csv,Verify during page review,Review,Review in context,Yes or contextual,application,KEEP AND IMPROVE,15,6,0,0,0,0,0,0
application,route,apps/app/app/agents/enterprise/model-governance/page.tsx,/agents/enterprise/model-governance,Page,Primary content for Page,Authenticated MantrixFlow users,Verify during page review,See duplicate-content.csv,Verify during page review,Review,Review in context,Yes or contextual,application,KEEP AND IMPROVE,15,6,0,0,0,0,0,0
application,route,apps/app/app/agents/enterprise/objectives/page.tsx,/agents/enterprise/objectives,Page,Primary content for Page,Authenticated MantrixFlow users,Verify during page review,See duplicate-content.csv,Verify during page review,Review,Review in context,Yes or contextual,application,KEEP AND IMPROVE,15,6,0,0,0,0,0,0
application,route,apps/app/app/agents/enterprise/overview/page.tsx,/agents/enterprise/overview,Page,Primary content for Page,Authenticated MantrixFlow users,Verify during page review,See duplicate-content.csv,Verify during page review,Review,Review in context,Yes or contextual,application,KEEP AND IMPROVE,15,6,0,0,0,0,0,0
application,route,apps/app/app/agents/enterprise/page.tsx,/agents/enterprise,Page,Primary content for Page,Authenticated MantrixFlow users,Verify during page review,See duplicate-content.csv,Verify during page review,Review,Review in context,Yes or contextual,application,KEEP AND IMPROVE,15,6,0,0,0,0,0,0
application,route,apps/app/app/agents/enterprise/plans/[planId]/page.tsx,/agents/enterprise/plans/[planId],Page,Primary content for Page,Authenticated MantrixFlow users,Verify during page review,See duplicate-content.csv,Verify during page review,Review,Review in context,Yes or contextual,application,KEEP AND IMPROVE,37,9,0,0,0,0,0,0
application,route,apps/app/app/agents/enterprise/plans/page.tsx,/agents/enterprise/plans,Page,Primary content for Page,Authenticated MantrixFlow users,Verify during page review,See duplicate-content.csv,Verify during page review,Review,Review in context,Yes or contextual,application,KEEP AND IMPROVE,15,6,0,0,0,0,0,0
application,route,apps/app/app/agents/enterprise/risks/page.tsx,/agents/enterprise/risks,Page,Primary content for Page,Authenticated MantrixFlow users,Verify during page review,See duplicate-content.csv,Verify during page review,Review,Review in context,Yes or contextual,application,KEEP AND IMPROVE,15,6,0,0,0,0,0,0
application,component,apps/app/app/agents/error.tsx,,Error,Reusable content for Error,Authenticated MantrixFlow users,Verify during page review,See duplicate-content.csv,Verify during page review,Review,Review in context,Yes or contextual,application,KEEP AND IMPROVE,98,34,0,0,0,0,0,0
application,route,apps/app/app/agents/incidents/page.tsx,/agents/incidents,Page,Primary content for Page,Authenticated MantrixFlow users,Verify during page review,See duplicate-content.csv,Verify during page review,Review,Review in context,Yes or contextual,application,KEEP AND IMPROVE,15,6,0,0,0,0,0,0
application,route,apps/app/app/agents/intelligence/contracts/page.tsx,/agents/intelligence/contracts,Page,Primary content for Page,Authenticated MantrixFlow users,Verify during page review,See duplicate-content.csv,Verify during page review,Review,Review in context,Yes or contextual,application,KEEP AND IMPROVE,15,6,0,0,0,0,0,0
application,route,apps/app/app/agents/intelligence/digital-twin/page.tsx,/agents/intelligence/digital-twin,Page,Primary content for Page,Authenticated MantrixFlow users,Verify during page review,See duplicate-content.csv,Verify during page review,Review,Review in context,Yes or contextual,application,KEEP AND IMPROVE,15,6,0,0,0,0,0,0
application,route,apps/app/app/agents/intelligence/forecasts/[forecastId]/page.tsx,/agents/intelligence/forecasts/[forecastId],Page,Primary content for Page,Authenticated MantrixFlow users,Verify during page review,See duplicate-content.csv,Verify during page review,Review,Review in context,Yes or contextual,application,KEEP AND IMPROVE,33,11,0,0,0,0,0,0
application,route,apps/app/app/agents/intelligence/forecasts/page.tsx,/agents/intelligence/forecasts,Page,Primary content for Page,Authenticated MantrixFlow users,Verify during page review,See duplicate-content.csv,Verify during page review,Review,Review in context,Yes or contextual,application,KEEP AND IMPROVE,15,6,0,0,0,0,0,0
application,route,apps/app/app/agents/intelligence/knowledge/page.tsx,/agents/intelligence/knowledge,Page,Primary content for Page,Authenticated MantrixFlow users,Verify during page review,See duplicate-content.csv,Verify during page review,Review,Review in context,Yes or contextual,application,KEEP AND IMPROVE,15,6,0,0,0,0,0,0
application,route,apps/app/app/agents/intelligence/lineage/page.tsx,/agents/intelligence/lineage,Page,Primary content for Page,Authenticated MantrixFlow users,Verify during page review,See duplicate-content.csv,Verify during page review,Review,Review in context,Yes or contextual,application,KEEP AND IMPROVE,15,6,0,0,0,0,0,0
application,route,apps/app/app/agents/intelligence/page.tsx,/agents/intelligence,Page,Primary content for Page,Authenticated MantrixFlow users,Verify during page review,See duplicate-content.csv,Verify during page review,Review,Review in context,Yes or contextual,application,KEEP AND IMPROVE,15,6,0,0,0,0,0,0
application,route,apps/app/app/agents/intelligence/plans/[planId]/page.tsx,/agents/intelligence/plans/[planId],Page,Primary content for Page,Authenticated MantrixFlow users,Verify during page review,See duplicate-content.csv,Verify during page review,Review,Review in context,Yes or contextual,application,KEEP AND IMPROVE,33,11,0,0,0,0,0,0
application,route,apps/app/app/agents/intelligence/plans/page.tsx,/agents/intelligence/plans,Page,Primary content for Page,Authenticated MantrixFlow users,Verify during page review,See duplicate-content.csv,Verify during page review,Review,Review in context,Yes or contextual,application,KEEP AND IMPROVE,15,6,0,0,0,0,0,0
application,route,apps/app/app/agents/intelligence/simulations/[simulationId]/page.tsx,/agents/intelligence/simulations/[simulationId],Page,Primary content for Page,Authenticated MantrixFlow users,Verify during page review,See duplicate-content.csv,Verify during page review,Review,Review in context,Yes or contextual,application,KEEP AND IMPROVE,33,11,0,0,0,0,0,0
application,route,apps/app/app/agents/intelligence/simulations/page.tsx,/agents/intelligence/simulations,Page,Primary content for Page,Authenticated MantrixFlow users,Verify during page review,See duplicate-content.csv,Verify during page review,Review,Review in context,Yes or contextual,application,KEEP AND IMPROVE,15,6,0,0,0,0,0,0
application,layout,apps/app/app/agents/layout.tsx,/agents,Layout,"Shared navigation, metadata, or layout content",Authenticated MantrixFlow users,Verify during page review,See duplicate-content.csv,Verify during page review,Review,Review in context,Yes or contextual,application,KEEP AND IMPROVE,47,15,0,0,0,0,0,0
application,component,apps/app/app/agents/loading.tsx,,Loading,Reusable content for Loading,Authenticated MantrixFlow users,Verify during page review,See duplicate-content.csv,Verify during page review,Review,Review in context,Yes or contextual,application,KEEP AND IMPROVE,96,28,0,0,0,0,8,0
application,route,apps/app/app/agents/marketplace/page.tsx,/agents/marketplace,Page,Primary content for Page,Authenticated MantrixFlow users,Verify during page review,See duplicate-content.csv,Verify during page review,Review,Review in context,Yes or contextual,application,KEEP AND IMPROVE,15,6,0,0,0,0,0,0
application,route,apps/app/app/agents/onboarding/page.tsx,/agents/onboarding,Page,Primary content for Page,New or returning workspace users,Verify during page review,See duplicate-content.csv,Verify during page review,Review,Review in context,Yes or contextual,application,KEEP AND IMPROVE,15,6,0,0,0,0,0,0
application,route,apps/app/app/agents/page.tsx,/agents,Page,Primary content for Page,Authenticated MantrixFlow users,Verify during page review,See duplicate-content.csv,Verify during page review,Review,Review in context,Yes or contextual,application,KEEP AND IMPROVE,13,6,0,0,0,0,0,0
application,route,apps/app/app/agents/platform/environments/page.tsx,/agents/platform/environments,Page,Primary content for Page,Authenticated MantrixFlow users,Verify during page review,See duplicate-content.csv,Verify during page review,Review,Review in context,Yes or contextual,application,KEEP AND IMPROVE,15,6,0,0,0,0,0,0
application,route,apps/app/app/agents/platform/quality/page.tsx,/agents/platform/quality,Page,Primary content for Page,Authenticated MantrixFlow users,Verify during page review,See duplicate-content.csv,Verify during page review,Review,Review in context,Yes or contextual,application,KEEP AND IMPROVE,15,6,0,0,0,0,0,0
application,route,apps/app/app/agents/platform/releases/page.tsx,/agents/platform/releases,Page,Primary content for Page,Authenticated MantrixFlow users,Verify during page review,See duplicate-content.csv,Verify during page review,Review,Review in context,Yes or contextual,application,KEEP AND IMPROVE,15,6,0,0,0,0,0,0
application,route,apps/app/app/agents/support/[caseId]/page.tsx,/agents/support/[caseId],Page,Primary content for Page,Authenticated MantrixFlow users,Verify during page review,See duplicate-content.csv,Verify during page review,Review,Review in context,Yes or contextual,application,KEEP AND IMPROVE,37,9,0,0,0,0,0,0
application,route,apps/app/app/agents/support/page.tsx,/agents/support,Page,Primary content for Page,Authenticated MantrixFlow users,Verify during page review,See duplicate-content.csv,Verify during page review,Review,Review in context,Yes or contextual,application,KEEP AND IMPROVE,15,6,0,0,0,0,0,0
application,route,apps/app/app/auth/accept-invite/page.tsx,/auth/accept-invite,Page,Primary content for Page,New or returning workspace users,Verify during page review,See duplicate-content.csv,Verify during page review,Review,Review in context,Yes or contextual,application,KEEP AND IMPROVE,21,10,0,0,0,0,0,0
application,route,apps/app/app/auth/auth-code-error/page.tsx,/auth/auth-code-error,Authentication Error,Primary content for Authentication Error,New or returning workspace users,Verify during page review,See duplicate-content.csv,Verify during page review,Review,Review in context,Yes or contextual,application,KEEP AND IMPROVE,97,36,0,0,0,0,0,0
application,content-source,apps/app/app/auth/callback/route.ts,,Route,Reusable content for Route,New or returning workspace users,Verify during page review,See duplicate-content.csv,Verify during page review,Review,Review in context,Yes or contextual,application,KEEP AND IMPROVE,838,291,0,0,0,0,0,0
application,route,apps/app/app/auth/forgot-password/page.tsx,/auth/forgot-password,Page,Primary content for Page,New or returning workspace users,Verify during page review,See duplicate-content.csv,Verify during page review,Review,Review in context,Yes or contextual,application,KEEP AND IMPROVE,36,13,0,0,0,0,0,0
application,route,apps/app/app/auth/login/page.tsx,/auth/login,Page,Primary content for Page,New or returning workspace users,Verify during page review,See duplicate-content.csv,Verify during page review,Review,Review in context,Yes or contextual,application,KEEP AND IMPROVE,148,45,0,0,0,0,0,0
application,route,apps/app/app/auth/reset-password/page.tsx,/auth/reset-password,Page,Primary content for Page,New or returning workspace users,Verify during page review,See duplicate-content.csv,Verify during page review,Review,Review in context,Yes or contextual,application,KEEP AND IMPROVE,36,13,0,0,0,0,0,0
application,route,apps/app/app/auth/signup/page.tsx,/auth/signup,Page,Primary content for Page,New or returning workspace users,Verify during page review,See duplicate-content.csv,Verify during page review,Review,Review in context,Yes or contextual,application,KEEP AND IMPROVE,36,11,0,0,0,0,0,0
application,component,apps/app/app/error.tsx,,Error,Reusable content for Error,Authenticated MantrixFlow users,Verify during page review,See duplicate-content.csv,Verify during page review,Review,Review in context,Yes or contextual,application,KEEP AND IMPROVE,129,43,0,0,0,0,0,0
application,component,apps/app/app/global-error.tsx,,Global Error,Reusable content for Global Error,Authenticated MantrixFlow users,Verify during page review,See duplicate-content.csv,Verify during page review,Review,Review in context,Yes or contextual,application,KEEP AND IMPROVE,133,60,0,0,0,0,0,0
application,layout,apps/app/app/layout.tsx,/,Layout,"Shared navigation, metadata, or layout content",Authenticated MantrixFlow users,Verify during page review,See duplicate-content.csv,Verify during page review,Review,Review in context,Yes or contextual,application,SHORTEN,123,46,0,0,0,0,0,0
application,route,apps/app/app/onboarding/complete/page.tsx,/onboarding/complete,Page,Primary content for Page,New or returning workspace users,Verify during page review,See duplicate-content.csv,Verify during page review,Review,Review in context,Yes or contextual,application,KEEP AND IMPROVE,15,6,0,0,0,0,0,0
application,route,apps/app/app/onboarding/connect/[connector]/page.tsx,/onboarding/connect/[connector],Page,Primary content for Page,New or returning workspace users,Verify during page review,See duplicate-content.csv,Verify during page review,Review,Review in context,Yes or contextual,application,KEEP AND IMPROVE,15,6,0,0,0,0,0,0
application,route,apps/app/app/onboarding/connect/[connector]/select/page.tsx,/onboarding/connect/[connector]/select,Page,Primary content for Page,New or returning workspace users,Verify during page review,See duplicate-content.csv,Verify during page review,Review,Review in context,Yes or contextual,application,KEEP AND IMPROVE,15,6,0,0,0,0,0,0
application,route,apps/app/app/onboarding/data-source/page.tsx,/onboarding/data-source,Page,Primary content for Page,New or returning workspace users,Verify during page review,See duplicate-content.csv,Verify during page review,Review,Review in context,Yes or contextual,application,KEEP AND IMPROVE,15,6,0,0,0,0,0,0
application,route,apps/app/app/onboarding/importing/page.tsx,/onboarding/importing,Page,Primary content for Page,New or returning workspace users,Verify during page review,See duplicate-content.csv,Verify during page review,Review,Review in context,Yes or contextual,application,KEEP AND IMPROVE,15,6,0,0,0,0,0,0
application,layout,apps/app/app/onboarding/layout.tsx,/onboarding,Layout,"Shared navigation, metadata, or layout content",New or returning workspace users,Verify during page review,See duplicate-content.csv,Verify during page review,Review,Review in context,Yes or contextual,application,KEEP AND IMPROVE,39,15,0,0,0,0,0,0
application,route,apps/app/app/onboarding/organization/page.tsx,/onboarding/organization,Page,Primary content for Page,New or returning workspace users,Verify during page review,See duplicate-content.csv,Verify during page review,Review,Review in context,Yes or contextual,application,KEEP AND IMPROVE,15,6,0,0,0,0,0,0
application,route,apps/app/app/onboarding/welcome/page.tsx,/onboarding/welcome,Page,Primary content for Page,New or returning workspace users,Verify during page review,See duplicate-content.csv,Verify during page review,Review,Review in context,Yes or contextual,application,KEEP AND IMPROVE,15,6,0,0,0,0,0,0
application,route,apps/app/app/organizations/[id]/edit/page.tsx,/organizations/[id]/edit,Page,Primary content for Page,Authenticated MantrixFlow users,Verify during page review,See duplicate-content.csv,Verify during page review,Review,Review in context,Yes or contextual,application,KEEP AND IMPROVE,34,13,0,0,0,0,0,0
application,layout,apps/app/app/organizations/layout.tsx,/organizations,Layout,"Shared navigation, metadata, or layout content",Authenticated MantrixFlow users,Verify during page review,See duplicate-content.csv,Verify during page review,Review,Review in context,Yes or contextual,application,KEEP AND IMPROVE,14,8,0,0,0,0,0,0
application,route,apps/app/app/organizations/new/page.tsx,/organizations/new,Page,Primary content for Page,Authenticated MantrixFlow users,Verify during page review,See duplicate-content.csv,Verify during page review,Review,Review in context,Yes or contextual,application,KEEP AND IMPROVE,13,6,0,0,0,0,0,0
application,route,apps/app/app/organizations/page.tsx,/organizations,Page,Primary content for Page,Authenticated MantrixFlow users,Verify during page review,See duplicate-content.csv,Verify during page review,Review,Review in context,Yes or contextual,application,KEEP AND IMPROVE,29,12,0,0,0,0,0,0
application,route,apps/app/app/page.tsx,/,Page,Primary content for Page,Authenticated MantrixFlow users,Verify during page review,See duplicate-content.csv,Verify during page review,Review,Review in context,Yes or contextual,application,KEEP AND IMPROVE,50,17,0,0,0,0,0,0
application,route,apps/app/app/workspace/activity/page.tsx,/workspace/activity,Page,Primary content for Page,Authenticated MantrixFlow users,Verify during page review,See duplicate-content.csv,Verify during page review,Review,Review in context,Yes or contextual,application,KEEP AND IMPROVE,15,6,0,0,0,0,0,0
application,route,apps/app/app/workspace/analytics/page.tsx,/workspace/analytics,Page,Primary content for Page,Authenticated MantrixFlow users,Verify during page review,See duplicate-content.csv,Verify during page review,Review,Review in context,Yes or contextual,application,KEEP AND IMPROVE,15,6,0,0,0,0,0,0
application,route,apps/app/app/workspace/billing/checkout/page.tsx,/workspace/billing/checkout,Page,Primary content for Page,Workspace owners and billing administrators,Verify during page review,See duplicate-content.csv,Verify during page review,Review,Review in context,Yes or contextual,application,KEEP AND IMPROVE,39,16,0,0,0,0,2,0
application,route,apps/app/app/workspace/billing/success/page.tsx,/workspace/billing/success,Page,Primary content for Page,Workspace owners and billing administrators,Verify during page review,See duplicate-content.csv,Verify during page review,Review,Review in context,Yes or contextual,application,KEEP AND IMPROVE,39,19,0,0,0,0,2,0
application,route,apps/app/app/workspace/connections/[id]/cdc-setup/page.tsx,/workspace/connections/[id]/cdc-setup,Page,Primary content for Page,Authenticated MantrixFlow users,Verify during page review,See duplicate-content.csv,Verify during page review,Review,Review in context,Yes or contextual,application,KEEP AND IMPROVE,37,11,0,0,0,0,0,0
application,route,apps/app/app/workspace/connections/[id]/edit/page.tsx,/workspace/connections/[id]/edit,Page,Primary content for Page,Authenticated MantrixFlow users,Verify during page review,See duplicate-content.csv,Verify during page review,Review,Review in context,Yes or contextual,application,KEEP AND IMPROVE,15,6,0,0,0,0,0,0
application,route,apps/app/app/workspace/connections/[id]/page.tsx,/workspace/connections/[id],Page,Primary content for Page,Authenticated MantrixFlow users,Verify during page review,See duplicate-content.csv,Verify during page review,Review,Review in context,Yes or contextual,application,KEEP AND IMPROVE,15,6,0,0,0,0,0,0
application,route,apps/app/app/workspace/connections/new/[type]/page.tsx,/workspace/connections/new/[type],Page,Primary content for Page,Authenticated MantrixFlow users,Verify during page review,See duplicate-content.csv,Verify during page review,Review,Review in context,Yes or contextual,application,KEEP AND IMPROVE,15,6,0,0,0,0,0,0
application,route,apps/app/app/workspace/connections/new/page.tsx,/workspace/connections/new,Page,Primary content for Page,Authenticated MantrixFlow users,Verify during page review,See duplicate-content.csv,Verify during page review,Review,Review in context,Yes or contextual,application,KEEP AND IMPROVE,15,6,0,0,0,0,0,0
application,route,apps/app/app/workspace/connections/page.tsx,/workspace/connections,Page,Primary content for Page,Authenticated MantrixFlow users,Verify during page review,See duplicate-content.csv,Verify during page review,Review,Review in context,Yes or contextual,application,KEEP AND IMPROVE,15,6,0,0,0,0,0,0
application,route,apps/app/app/workspace/data-pipelines/[id]/builder/page.tsx,/workspace/data-pipelines/[id]/builder,Page,Primary content for Page,Authenticated MantrixFlow users,Verify during page review,See duplicate-content.csv,Verify during page review,Review,Review in context,Yes or contextual,application,KEEP AND IMPROVE,136,37,0,0,0,0,0,0
application,route,apps/app/app/workspace/data-pipelines/[id]/destinations/[destinationId]/page.tsx,/workspace/data-pipelines/[id]/destinations/[destinationId],Page,Primary content for Page,Authenticated MantrixFlow users,Verify during page review,See duplicate-content.csv,Verify during page review,Review,Review in context,Yes or contextual,application,KEEP AND IMPROVE,15,6,0,0,0,0,0,0
application,route,apps/app/app/workspace/data-pipelines/[id]/edit/page.tsx,/workspace/data-pipelines/[id]/edit,Page,Primary content for Page,Authenticated MantrixFlow users,Verify during page review,See duplicate-content.csv,Verify during page review,Review,Review in context,Yes or contextual,application,KEEP AND IMPROVE,15,6,0,0,0,0,0,0
application,route,apps/app/app/workspace/data-pipelines/[id]/page.tsx,/workspace/data-pipelines/[id],Page,Primary content for Page,Authenticated MantrixFlow users,Verify during page review,See duplicate-content.csv,Verify during page review,Review,Review in context,Yes or contextual,application,KEEP AND IMPROVE,15,6,0,0,0,0,0,0
application,route,apps/app/app/workspace/data-pipelines/[id]/transformations/[transformationId]/page.tsx,/workspace/data-pipelines/[id]/transformations/[transformationId],Page,Primary content for Page,Authenticated MantrixFlow users,Verify during page review,See duplicate-content.csv,Verify during page review,Review,Review in context,Yes or contextual,application,KEEP AND IMPROVE,15,6,0,0,0,0,0,0
application,route,apps/app/app/workspace/data-pipelines/new/page.tsx,/workspace/data-pipelines/new,Page,Primary content for Page,Authenticated MantrixFlow users,Verify during page review,See duplicate-content.csv,Verify during page review,Review,Review in context,Yes or contextual,application,KEEP AND IMPROVE,15,6,0,0,0,0,0,0
application,route,apps/app/app/workspace/data-pipelines/page.tsx,/workspace/data-pipelines,Page,Primary content for Page,Authenticated MantrixFlow users,Verify during page review,See duplicate-content.csv,Verify during page review,Review,Review in context,Yes or contextual,application,KEEP AND IMPROVE,15,6,0,0,0,0,0,0
application,route,apps/app/app/workspace/data-sources/[id]/page.tsx,/workspace/data-sources/[id],Page,Primary content for Page,Authenticated MantrixFlow users,Verify during page review,See duplicate-content.csv,Verify during page review,Review,Review in context,Yes or contextual,application,KEEP AND IMPROVE,37,13,0,0,0,0,0,0
application,route,apps/app/app/workspace/data-sources/[id]/query/page.tsx,/workspace/data-sources/[id]/query,Page,Primary content for Page,Authenticated MantrixFlow users,Verify during page review,See duplicate-content.csv,Verify during page review,Review,Review in context,Yes or contextual,application,KEEP AND IMPROVE,15,6,0,0,0,0,0,0
application,route,apps/app/app/workspace/data-sources/[id]/query/view/page.tsx,/workspace/data-sources/[id]/query/view,Page,Primary content for Page,Authenticated MantrixFlow users,Verify during page review,See duplicate-content.csv,Verify during page review,Review,Review in context,Yes or contextual,application,KEEP AND IMPROVE,15,6,0,0,0,0,0,0
application,route,apps/app/app/workspace/data-sources/new/page.tsx,/workspace/data-sources/new,Page,Primary content for Page,Authenticated MantrixFlow users,Verify during page review,See duplicate-content.csv,Verify during page review,Review,Review in context,Yes or contextual,application,KEEP AND IMPROVE,13,6,0,0,0,0,0,0
application,route,apps/app/app/workspace/data-sources/page.tsx,/workspace/data-sources,Page,Primary content for Page,Authenticated MantrixFlow users,Verify during page review,See duplicate-content.csv,Verify during page review,Review,Review in context,Yes or contextual,application,KEEP AND IMPROVE,13,6,0,0,0,0,0,0
application,route,apps/app/app/workspace/datasets/[id]/page.tsx,/workspace/datasets/[id],Page,Primary content for Page,Authenticated MantrixFlow users,Verify during page review,See duplicate-content.csv,Verify during page review,Review,Review in context,Yes or contextual,application,KEEP AND IMPROVE,15,6,0,0,0,0,0,0
application,layout,apps/app/app/workspace/layout.tsx,/workspace,Layout,"Shared navigation, metadata, or layout content",Authenticated MantrixFlow users,Verify during page review,See duplicate-content.csv,Verify during page review,Review,Review in context,Yes or contextual,application,KEEP AND IMPROVE,37,16,0,0,0,0,0,0
application,route,apps/app/app/workspace/notifications/page.tsx,/workspace/notifications,Page,Primary content for Page,Authenticated MantrixFlow users,Verify during page review,See duplicate-content.csv,Verify during page review,Review,Review in context,Yes or contextual,application,KEEP AND IMPROVE,15,6,0,0,0,0,0,0
application,route,apps/app/app/workspace/page.tsx,/workspace,Page,Primary content for Page,Authenticated MantrixFlow users,Verify during page review,See duplicate-content.csv,Verify during page review,Review,Review in context,Yes or contextual,application,KEEP AND IMPROVE,13,6,0,0,0,0,0,0
application,route,apps/app/app/workspace/settings/page.tsx,/workspace/settings,Page,Primary content for Page,Workspace owners and administrators,Verify during page review,See duplicate-content.csv,Verify during page review,Review,Review in context,Yes or contextual,application,KEEP AND IMPROVE,15,6,0,0,0,0,0,0
application,route,apps/app/app/workspace/simulations/page.tsx,/workspace/simulations,Page,Primary content for Page,Authenticated MantrixFlow users,Verify during page review,See duplicate-content.csv,Verify during page review,Review,Review in context,Yes or contextual,application,KEEP AND IMPROVE,13,6,0,0,0,0,0,0
application,route,apps/app/app/workspace/simulations/runs/[runId]/page.tsx,/workspace/simulations/runs/[runId],Page,Primary content for Page,Authenticated MantrixFlow users,Verify during page review,See duplicate-content.csv,Verify during page review,Review,Review in context,Yes or contextual,application,KEEP AND IMPROVE,36,13,0,0,0,0,0,0
application,route,apps/app/app/workspace/simulations/runs/page.tsx,/workspace/simulations/runs,Page,Primary content for Page,Authenticated MantrixFlow users,Verify during page review,See duplicate-content.csv,Verify during page review,Review,Review in context,Yes or contextual,application,KEEP AND IMPROVE,16,6,0,0,0,0,0,0
application,route,apps/app/app/workspace/simulations/saved-tests/page.tsx,/workspace/simulations/saved-tests,Page,Primary content for Page,Authenticated MantrixFlow users,Verify during page review,See duplicate-content.csv,Verify during page review,Review,Review in context,Yes or contextual,application,KEEP AND IMPROVE,16,6,0,0,0,0,0,0
application,route,apps/app/app/workspace/simulations/scenarios/page.tsx,/workspace/simulations/scenarios,Page,Primary content for Page,Authenticated MantrixFlow users,Verify during page review,See duplicate-content.csv,Verify during page review,Review,Review in context,Yes or contextual,application,KEEP AND IMPROVE,16,6,0,0,0,0,0,0
application,route,apps/app/app/workspace/team/[id]/edit/page.tsx,/workspace/team/[id]/edit,Page,Primary content for Page,Workspace owners and administrators,Verify during page review,See duplicate-content.csv,Verify during page review,Review,Review in context,Yes or contextual,application,KEEP AND IMPROVE,37,13,0,0,0,0,0,0
application,route,apps/app/app/workspace/team/invite/page.tsx,/workspace/team/invite,Page,Primary content for Page,Workspace owners and administrators,Verify during page review,See duplicate-content.csv,Verify during page review,Review,Review in context,Yes or contextual,application,KEEP AND IMPROVE,15,6,0,0,0,0,0,0
application,route,apps/app/app/workspace/team/page.tsx,/workspace/team,Page,Primary content for Page,Workspace owners and administrators,Verify during page review,See duplicate-content.csv,Verify during page review,Review,Review in context,Yes or contextual,application,KEEP AND IMPROVE,15,6,0,0,0,0,0,0
application,component,apps/app/components/ai-elements/message.tsx,,Message,Reusable content for Message,Authenticated MantrixFlow users,Verify during page review,See duplicate-content.csv,Verify during page review,Review,Review in context,Yes or contextual,application,KEEP AND IMPROVE,59,23,0,0,0,0,0,0
application,component,apps/app/components/ai-elements/reasoning.tsx,,Reasoning,Reusable content for Reasoning,Authenticated MantrixFlow users,Verify during page review,See duplicate-content.csv,Verify during page review,Review,Review in context,Yes or contextual,application,KEEP AND IMPROVE,470,185,0,0,0,0,0,0
application,component,apps/app/components/ai-elements/shimmer.tsx,,Shimmer,Reusable content for Shimmer,Authenticated MantrixFlow users,Verify during page review,See duplicate-content.csv,Verify during page review,Review,Review in context,Yes or contextual,application,KEEP AND IMPROVE,138,65,0,0,0,0,0,1
application,component,apps/app/components/auth-page.tsx,,Auth Page,Reusable content for Auth Page,Authenticated MantrixFlow users,Verify during page review,See duplicate-content.csv,Verify during page review,Review,Review in context,Yes or contextual,application,KEEP AND IMPROVE,124,50,0,0,0,0,0,0
application,tooltip,apps/app/components/custom-sidebar-trigger.tsx,,Custom Sidebar Trigger,Contextual tooltip content,Authenticated MantrixFlow users,Verify during page review,See duplicate-content.csv,Verify during page review,Review,Review in context,Yes or contextual,application,KEEP AND IMPROVE,63,22,0,1,0,0,0,0
application,content-source,apps/app/lib/actions/dataset.ts,,Dataset,Reusable content for Dataset,Authenticated MantrixFlow users,Verify during page review,See duplicate-content.csv,Verify during page review,Review,Review in context,Yes or contextual,application,KEEP AND IMPROVE,263,83,0,0,0,0,0,0
application,content-source,apps/app/lib/actions/onboarding.ts,,Onboarding,Reusable content for Onboarding,Authenticated MantrixFlow users,Verify during page review,See duplicate-content.csv,Verify during page review,Review,Review in context,Yes or contextual,application,KEEP AND IMPROVE,449,149,0,0,0,0,0,0
application,content-source,apps/app/lib/actions/team.ts,,Team,Reusable content for Team,Authenticated MantrixFlow users,Verify during page review,See duplicate-content.csv,Verify during page review,Review,Review in context,Yes or contextual,application,KEEP AND IMPROVE,1183,370,0,0,0,0,0,0
application,content-source,apps/app/lib/analytics/formatters.ts,,Formatters,Reusable content for Formatters,Authenticated MantrixFlow users,Verify during page review,See duplicate-content.csv,Verify during page review,Review,Review in context,Yes or contextual,application,KEEP AND IMPROVE,463,141,0,0,0,0,0,0
application,content-source,apps/app/lib/api/client.ts,,Client,Reusable content for Client,Authenticated MantrixFlow users,Verify during page review,See duplicate-content.csv,Verify during page review,Review,Review in context,Yes or contextual,application,KEEP AND IMPROVE,1124,407,0,0,0,0,0,0
application,content-source,apps/app/lib/api/config.ts,,Config,Reusable content for Config,Authenticated MantrixFlow users,Verify during page review,See duplicate-content.csv,Verify during page review,Review,Review in context,Yes or contextual,application,KEEP AND IMPROVE,355,105,0,0,0,0,0,0
application,content-source,apps/app/lib/api/error-handler.ts,,Error Handler,Reusable content for Error Handler,Authenticated MantrixFlow users,Verify during page review,See duplicate-content.csv,Verify during page review,Review,Review in context,Yes or contextual,application,KEEP AND IMPROVE,190,52,0,0,1,0,0,0
application,content-source,apps/app/lib/api/hooks/use-analytics.ts,,Use Analytics,Reusable content for Use Analytics,Authenticated MantrixFlow users,Verify during page review,See duplicate-content.csv,Verify during page review,Review,Review in context,Yes or contextual,application,KEEP AND IMPROVE,455,180,0,0,0,0,0,0
application,content-source,apps/app/lib/api/hooks/use-github.ts,,Use Github,Reusable content for Use Github,Authenticated MantrixFlow users,Verify during page review,See duplicate-content.csv,Verify during page review,Review,Review in context,Yes or contextual,application,KEEP AND IMPROVE,889,323,0,0,0,0,0,0
application,content-source,apps/app/lib/api/hooks/use-global-search.ts,,Use Global Search,Reusable content for Use Global Search,Authenticated MantrixFlow users,Verify during page review,See duplicate-content.csv,Verify during page review,Review,Review in context,Yes or contextual,application,KEEP AND IMPROVE,97,30,0,0,0,0,0,0
application,content-source,apps/app/lib/api/hooks/use-organization-members.ts,,Use Organization Members,Reusable content for Use Organization Members,Authenticated MantrixFlow users,Unverified,See duplicate-content.csv,Possible,Review,Review in context,Yes or contextual,application,REQUIRES PRODUCT CONFIRMATION,592,213,0,0,0,0,0,0
application,content-source,apps/app/lib/api/hooks/use-organizations.ts,,Use Organizations,Reusable content for Use Organizations,Authenticated MantrixFlow users,Unverified,See duplicate-content.csv,Possible,Review,Review in context,Yes or contextual,application,REQUIRES PRODUCT CONFIRMATION,608,261,0,0,0,0,0,0
application,content-source,apps/app/lib/api/hooks/use-slack.ts,,Use Slack,Reusable content for Use Slack,Authenticated MantrixFlow users,Verify during page review,See duplicate-content.csv,Verify during page review,Review,Review in context,Yes or contextual,application,KEEP AND IMPROVE,473,177,0,0,0,0,0,0
application,content-source,apps/app/lib/api/hooks/use-users.ts,,Use Users,Reusable content for Use Users,Authenticated MantrixFlow users,Verify during page review,See duplicate-content.csv,Verify during page review,Review,Review in context,Yes or contextual,application,KEEP AND IMPROVE,337,116,0,0,0,0,2,0
application,content-source,apps/app/lib/api/plan-limit-events.ts,,Plan Limit Events,Reusable content for Plan Limit Events,Authenticated MantrixFlow users,Verify during page review,See duplicate-content.csv,Verify during page review,Review,Review in context,Yes or contextual,application,KEEP AND IMPROVE,298,113,0,0,0,0,0,0
application,content-source,apps/app/lib/api/services/activity-logs.service.ts,,Activity Logs.Service,Reusable content for Activity Logs.Service,Authenticated MantrixFlow users,Verify during page review,See duplicate-content.csv,Verify during page review,Review,Review in context,Yes or contextual,application,KEEP AND IMPROVE,193,82,0,0,0,0,0,0
application,content-source,apps/app/lib/api/services/email-jobs.service.ts,,Email Jobs.Service,Reusable content for Email Jobs.Service,Authenticated MantrixFlow users,Verify during page review,See duplicate-content.csv,Verify during page review,Review,Review in context,Yes or contextual,application,KEEP AND IMPROVE,169,75,0,0,0,0,0,0
application,content-source,apps/app/lib/api/services/notifications.service.ts,,Notifications.Service,Reusable content for Notifications.Service,Authenticated MantrixFlow users,Verify during page review,See duplicate-content.csv,Verify during page review,Review,Review in context,Yes or contextual,application,KEEP AND IMPROVE,249,91,0,0,0,0,0,0
application,content-source,apps/app/lib/api/services/search.service.ts,,Search.Service,Reusable content for Search.Service,Authenticated MantrixFlow users,Verify during page review,See duplicate-content.csv,Verify during page review,Review,Review in context,Yes or contextual,application,KEEP AND IMPROVE,107,48,0,0,0,0,0,0
application,content-source,apps/app/lib/api/types/activity-logs.ts,,Activity Logs,Reusable content for Activity Logs,Authenticated MantrixFlow users,Verify during page review,See duplicate-content.csv,Verify during page review,Review,Review in context,Yes or contextual,application,KEEP AND IMPROVE,177,57,0,0,0,0,0,0
application,content-source,apps/app/lib/api/types/analytics.ts,,Analytics,Reusable content for Analytics,Authenticated MantrixFlow users,Verify during page review,See duplicate-content.csv,Verify during page review,Review,Review in context,Yes or contextual,application,KEEP AND IMPROVE,253,120,0,0,0,0,0,0
application,content-source,apps/app/lib/api/types/github.ts,,Github,Reusable content for Github,Authenticated MantrixFlow users,Verify during page review,See duplicate-content.csv,Verify during page review,Review,Review in context,Yes or contextual,application,KEEP AND IMPROVE,184,87,0,0,0,0,0,0
application,content-source,apps/app/lib/api/types/usage.ts,,Usage,Reusable content for Usage,Authenticated MantrixFlow users,Verify during page review,See duplicate-content.csv,Verify during page review,Review,Review in context,Yes or contextual,application,KEEP AND IMPROVE,88,36,0,0,0,0,0,0
application,content-source,apps/app/lib/constants/data-pipelines.ts,,Data Pipelines,Reusable content for Data Pipelines,Authenticated MantrixFlow users,Unverified,See duplicate-content.csv,Possible,Review,Review in context,Yes or contextual,application,REQUIRES PRODUCT CONFIRMATION,845,391,0,0,0,0,0,0
application,content-source,apps/app/lib/constants/roles.ts,,Roles,Reusable content for Roles,Authenticated MantrixFlow users,Verify during page review,See duplicate-content.csv,Verify during page review,Review,Review in context,Yes or contextual,application,KEEP AND IMPROVE,114,34,0,0,0,0,0,0
application,content-source,apps/app/lib/explorer/execute-e2e-postgres-sql.ts,,Execute E2e Postgres Sql,Reusable content for Execute E2e Postgres Sql,Authenticated MantrixFlow users,Verify during page review,See duplicate-content.csv,Verify during page review,Review,Review in context,Yes or contextual,application,KEEP AND IMPROVE,228,76,0,0,0,0,0,0
application,content-source,apps/app/lib/explorer/execute-remote-query.ts,,Execute Remote Query,Reusable content for Execute Remote Query,Authenticated MantrixFlow users,Verify during page review,See duplicate-content.csv,Verify during page review,Review,Review in context,Yes or contextual,application,KEEP AND IMPROVE,367,138,0,0,0,0,0,0
application,component,apps/app/lib/explorer/explorer-context.tsx,,Explorer Context,Reusable content for Explorer Context,Authenticated MantrixFlow users,Verify during page review,See duplicate-content.csv,Verify during page review,Review,Review in context,Yes or contextual,application,KEEP AND IMPROVE,175,56,0,0,0,0,0,0
application,content-source,apps/app/lib/explorer/load-explorer-data.ts,,Load Explorer Data,Reusable content for Load Explorer Data,Authenticated MantrixFlow users,Verify during page review,See duplicate-content.csv,Verify during page review,Review,Review in context,Yes or contextual,application,KEEP AND IMPROVE,259,75,0,0,0,0,0,0
application,content-source,apps/app/lib/pipelines/scheduling.ts,,Scheduling,Reusable content for Scheduling,Authenticated MantrixFlow users,Verify during page review,See duplicate-content.csv,Verify during page review,Review,Review in context,Yes or contextual,application,KEEP AND IMPROVE,308,82,0,0,0,0,0,0
application,content-source,apps/app/lib/pipelines/schema-table.ts,,Schema Table,Reusable content for Schema Table,Authenticated MantrixFlow users,Unverified,See duplicate-content.csv,Possible,Review,Review in context,Yes or contextual,application,REQUIRES PRODUCT CONFIRMATION,622,195,0,0,0,0,0,0
application,component,apps/app/lib/providers/query-provider.tsx,,Query Provider,Reusable content for Query Provider,Authenticated MantrixFlow users,Verify during page review,See duplicate-content.csv,Verify during page review,Review,Review in context,Yes or contextual,application,KEEP AND IMPROVE,173,58,0,0,0,0,0,0
application,content-source,apps/app/lib/supabase/client.ts,,Client,Reusable content for Client,Authenticated MantrixFlow users,Verify during page review,See duplicate-content.csv,Verify during page review,Review,Review in context,Yes or contextual,application,KEEP AND IMPROVE,66,23,0,0,0,0,0,0
application,content-source,apps/app/lib/supabase/middleware.ts,,Middleware,Reusable content for Middleware,Authenticated MantrixFlow users,Verify during page review,See duplicate-content.csv,Verify during page review,Review,Review in context,Yes or contextual,application,KEEP AND IMPROVE,352,81,0,0,0,0,0,0
application,content-source,apps/app/lib/supabase/server.ts,,Server,Reusable content for Server,Authenticated MantrixFlow users,Verify during page review,See duplicate-content.csv,Verify during page review,Review,Review in context,Yes or contextual,application,KEEP AND IMPROVE,109,35,0,0,0,0,0,0
application,content-source,apps/app/lib/types/data-sources.ts,,Data Sources,Reusable content for Data Sources,Authenticated MantrixFlow users,Verify during page review,See duplicate-content.csv,Verify during page review,Review,Review in context,Yes or contextual,application,KEEP AND IMPROVE,423,178,0,0,0,0,0,0
application,content-source,apps/app/lib/utils/google-fonts.ts,,Google Fonts,Reusable content for Google Fonts,Authenticated MantrixFlow users,Verify during page review,See duplicate-content.csv,Verify during page review,Review,Review in context,Yes or contextual,application,KEEP AND IMPROVE,695,253,0,0,0,0,0,0
application,content-source,apps/app/lib/utils/toast.ts,,Toast,Reusable content for Toast,Authenticated MantrixFlow users,Verify during page review,See duplicate-content.csv,Verify during page review,Likely,Review in context,Yes or contextual,application,KEEP AND IMPROVE,1261,368,0,0,8,0,0,0
documentation,article,apps/mantrixflow-docs/README.md,,MantrixFlow documentation (Mintlify),Technical guidance: MantrixFlow documentation (Mintlify),Technical product users and administrators,Verify during page review,See duplicate-content.csv,Verify during page review,Review,Review in context,Not workflow-bound,documentation,KEEP AND IMPROVE,186,43,0,0,0,0,0,0
documentation,article,apps/mantrixflow-docs/billing-breakdown.mdx,,Billing and usage,Technical guidance: Billing and usage,Technical product users and administrators,Verify during page review,See duplicate-content.csv,Verify during page review,Review,Review in context,Not workflow-bound,documentation,KEEP AND IMPROVE,318,49,0,0,0,0,0,2
documentation,article,apps/mantrixflow-docs/connections/destinations/airtable.mdx,,Airtable destination,Technical guidance: Airtable destination,Technical product users and administrators,Verify during page review,See duplicate-content.csv,Verify during page review,Review,Review in context,Not workflow-bound,documentation,KEEP AND IMPROVE,907,141,0,0,0,1,0,0
documentation,article,apps/mantrixflow-docs/connections/destinations/clickhouse.mdx,,ClickHouse destination,Technical guidance: ClickHouse destination,Technical product users and administrators,Verify during page review,See duplicate-content.csv,Verify during page review,Review,Review in context,Not workflow-bound,documentation,KEEP AND IMPROVE,838,157,0,0,0,0,0,0
documentation,article,apps/mantrixflow-docs/connections/destinations/cockroachdb.mdx,,CockroachDB destination,Technical guidance: CockroachDB destination,Technical product users and administrators,Verify during page review,See duplicate-content.csv,Verify during page review,Review,Review in context,Not workflow-bound,documentation,KEEP AND IMPROVE,75,11,0,0,0,0,0,2
documentation,article,apps/mantrixflow-docs/connections/destinations/duckdb.mdx,,DuckDB destination,Technical guidance: DuckDB destination,Technical product users and administrators,Verify during page review,See duplicate-content.csv,Verify during page review,Review,Review in context,Not workflow-bound,documentation,KEEP AND IMPROVE,467,73,0,0,0,0,0,0
documentation,article,apps/mantrixflow-docs/connections/destinations/mariadb.mdx,,MariaDB destination,Technical guidance: MariaDB destination,Technical product users and administrators,Verify during page review,See duplicate-content.csv,Verify during page review,Review,Review in context,Not workflow-bound,documentation,KEEP AND IMPROVE,75,11,0,0,0,0,0,2
documentation,article,apps/mantrixflow-docs/connections/destinations/mongodb.mdx,,MongoDB destination,Technical guidance: MongoDB destination,Technical product users and administrators,Verify during page review,See duplicate-content.csv,Verify during page review,Review,Review in context,Not workflow-bound,documentation,KEEP AND IMPROVE,788,151,0,0,0,0,0,1
documentation,article,apps/mantrixflow-docs/connections/destinations/mysql.mdx,,MySQL destination,Technical guidance: MySQL destination,Technical product users and administrators,Verify during page review,See duplicate-content.csv,Verify during page review,Review,Review in context,Not workflow-bound,documentation,KEEP AND IMPROVE,740,151,0,0,0,0,0,0
documentation,article,apps/mantrixflow-docs/connections/destinations/postgresql.mdx,,PostgreSQL destination,Technical guidance: PostgreSQL destination,Technical product users and administrators,Verify during page review,See duplicate-content.csv,Verify during page review,Review,Review in context,Not workflow-bound,documentation,KEEP AND IMPROVE,272,54,0,0,0,0,0,3
documentation,article,apps/mantrixflow-docs/connections/destinations/sqlite.mdx,,SQLite destination,Technical guidance: SQLite destination,Technical product users and administrators,Verify during page review,See duplicate-content.csv,Verify during page review,Review,Review in context,Not workflow-bound,documentation,KEEP AND IMPROVE,75,11,0,0,0,0,0,2
documentation,article,apps/mantrixflow-docs/connections/overview.mdx,,Connections Overview,Technical guidance: Connections Overview,Technical product users and administrators,Verify during page review,See duplicate-content.csv,Verify during page review,Review,Review in context,Not workflow-bound,documentation,KEEP AND IMPROVE,816,131,0,0,0,0,0,1
documentation,article,apps/mantrixflow-docs/connections/private-database-access.mdx,,Private database access,Technical guidance: Private database access,Technical product users and administrators,Verify during page review,See duplicate-content.csv,Verify during page review,Review,Review in context,Not workflow-bound,documentation,KEEP AND IMPROVE,531,69,0,0,0,0,0,3
documentation,article,apps/mantrixflow-docs/connections/sources/cms/strapi.mdx,,Strapi source,Technical guidance: Strapi source,Technical product users and administrators,Verify during page review,See duplicate-content.csv,Verify during page review,Review,Review in context,Not workflow-bound,documentation,KEEP AND IMPROVE,1174,187,0,0,0,0,0,2
documentation,article,apps/mantrixflow-docs/connections/sources/crm/hubspot.mdx,,HubSpot source,Technical guidance: HubSpot source,Technical product users and administrators,Verify during page review,See duplicate-content.csv,Verify during page review,Review,Review in context,Not workflow-bound,documentation,KEEP AND IMPROVE,877,132,0,0,0,0,0,0
documentation,article,apps/mantrixflow-docs/connections/sources/customer-support/zendesk.mdx,,Zendesk source,Technical guidance: Zendesk source,Technical product users and administrators,Verify during page review,See duplicate-content.csv,Verify during page review,Review,Review in context,Not workflow-bound,documentation,KEEP AND IMPROVE,1192,184,0,0,0,0,0,1
documentation,article,apps/mantrixflow-docs/connections/sources/database/clickhouse.mdx,,ClickHouse source,Technical guidance: ClickHouse source,Technical product users and administrators,Verify during page review,See duplicate-content.csv,Verify during page review,Review,Review in context,Not workflow-bound,documentation,KEEP AND IMPROVE,809,157,0,0,0,0,0,0
documentation,article,apps/mantrixflow-docs/connections/sources/database/cockroachdb.mdx,,CockroachDB source,Technical guidance: CockroachDB source,Technical product users and administrators,Verify during page review,See duplicate-content.csv,Verify during page review,Review,Review in context,Not workflow-bound,documentation,KEEP AND IMPROVE,74,11,0,0,0,0,0,2
documentation,article,apps/mantrixflow-docs/connections/sources/database/duckdb.mdx,,DuckDB source,Technical guidance: DuckDB source,Technical product users and administrators,Verify during page review,See duplicate-content.csv,Verify during page review,Review,Review in context,Not workflow-bound,documentation,KEEP AND IMPROVE,640,104,0,0,0,0,0,0
documentation,article,apps/mantrixflow-docs/connections/sources/database/mariadb.mdx,,MariaDB source,Technical guidance: MariaDB source,Technical product users and administrators,Verify during page review,See duplicate-content.csv,Verify during page review,Review,Review in context,Not workflow-bound,documentation,KEEP AND IMPROVE,74,11,0,0,0,0,0,2
documentation,article,apps/mantrixflow-docs/connections/sources/database/mongodb.mdx,,MongoDB source,Technical guidance: MongoDB source,Technical product users and administrators,Verify during page review,See duplicate-content.csv,Verify during page review,Review,Review in context,Not workflow-bound,documentation,KEEP AND IMPROVE,879,146,0,0,0,0,0,2
documentation,article,apps/mantrixflow-docs/connections/sources/database/mysql.mdx,,MySQL source,Technical guidance: MySQL source,Technical product users and administrators,Verify during page review,See duplicate-content.csv,Verify during page review,Review,Review in context,Not workflow-bound,documentation,KEEP AND IMPROVE,812,163,0,0,0,0,0,0
documentation,article,apps/mantrixflow-docs/connections/sources/database/postgresql.mdx,,PostgreSQL source,Technical guidance: PostgreSQL source,Technical product users and administrators,Verify during page review,See duplicate-content.csv,Verify during page review,Review,Review in context,Not workflow-bound,documentation,KEEP AND IMPROVE,643,131,0,0,0,0,0,0
documentation,article,apps/mantrixflow-docs/connections/sources/database/sqlite.mdx,,SQLite source,Technical guidance: SQLite source,Technical product users and administrators,Verify during page review,See duplicate-content.csv,Verify during page review,Review,Review in context,Not workflow-bound,documentation,KEEP AND IMPROVE,74,11,0,0,0,0,0,2
documentation,article,apps/mantrixflow-docs/connections/sources/developer-tools/github.mdx,,GitHub source,Technical guidance: GitHub source,Technical product users and administrators,Verify during page review,See duplicate-content.csv,Verify during page review,Likely,Review in context,Not workflow-bound,documentation,KEEP AND IMPROVE,1345,192,0,0,0,0,0,1
documentation,article,apps/mantrixflow-docs/connections/sources/ecommerce/shopify.mdx,,Shopify source,Technical guidance: Shopify source,Technical product users and administrators,Verify during page review,See duplicate-content.csv,Verify during page review,Review,Review in context,Not workflow-bound,documentation,KEEP AND IMPROVE,74,11,0,0,0,0,0,2
documentation,article,apps/mantrixflow-docs/connections/sources/finance/stripe.mdx,,Stripe source,Technical guidance: Stripe source,Technical product users and administrators,Verify during page review,See duplicate-content.csv,Verify during page review,Review,Review in context,Not workflow-bound,documentation,KEEP AND IMPROVE,700,131,0,0,0,0,0,1
documentation,article,apps/mantrixflow-docs/connections/sources/productivity/airtable.mdx,,Airtable source,Technical guidance: Airtable source,Technical product users and administrators,Verify during page review,See duplicate-content.csv,Verify during page review,Review,Review in context,Not workflow-bound,documentation,KEEP AND IMPROVE,787,136,0,0,0,0,0,0
documentation,article,apps/mantrixflow-docs/connections/sources/productivity/asana.mdx,,Asana source,Technical guidance: Asana source,Technical product users and administrators,Verify during page review,See duplicate-content.csv,Verify during page review,Review,Review in context,Not workflow-bound,documentation,KEEP AND IMPROVE,1059,167,0,0,0,0,0,0
documentation,article,apps/mantrixflow-docs/connections/sources/productivity/linear.mdx,,Linear source,Technical guidance: Linear source,Technical product users and administrators,Verify during page review,See duplicate-content.csv,Verify during page review,Review,Review in context,Not workflow-bound,documentation,KEEP AND IMPROVE,1103,176,0,0,0,0,0,0
documentation,article,apps/mantrixflow-docs/connections/sources/productivity/notion.mdx,,Notion source,Technical guidance: Notion source,Technical product users and administrators,Verify during page review,See duplicate-content.csv,Verify during page review,Review,Review in context,Not workflow-bound,documentation,KEEP AND IMPROVE,1185,190,0,0,0,0,0,0
documentation,component,apps/mantrixflow-docs/docs.json,,Docs.Json,Reusable content for Docs.Json,Technical product users and administrators,Verify during page review,See duplicate-content.csv,Verify during page review,Review,Review in context,Not workflow-bound,documentation,KEEP AND IMPROVE,361,229,0,0,0,0,0,0
documentation,article,apps/mantrixflow-docs/example/pipelines/airtable-and-mysql.mdx,,Airtable and MySQL pipelines,Technical guidance: Airtable and MySQL pipelines,Technical product users and administrators,Verify during page review,See duplicate-content.csv,Verify during page review,Likely,Review in context,Not workflow-bound,documentation,KEEP AND IMPROVE,1516,292,0,0,0,0,0,1
documentation,article,apps/mantrixflow-docs/example/pipelines/asana-to-destinations.mdx,,"Asana to PostgreSQL, MySQL, and Airtable","Technical guidance: Asana to PostgreSQL, MySQL, and Airtable",Technical product users and administrators,Verify during page review,See duplicate-content.csv,Verify during page review,Review,Review in context,Not workflow-bound,documentation,KEEP AND IMPROVE,674,129,0,0,0,0,0,0
documentation,article,apps/mantrixflow-docs/example/pipelines/clickhouse-and-mysql.mdx,,ClickHouse and MySQL pipelines,Technical guidance: ClickHouse and MySQL pipelines,Technical product users and administrators,Verify during page review,See duplicate-content.csv,Verify during page review,Review,Review in context,Not workflow-bound,documentation,KEEP AND IMPROVE,694,121,0,0,0,0,0,0
documentation,article,apps/mantrixflow-docs/example/pipelines/hubspot-to-postgres.mdx,,HubSpot to PostgreSQL,Technical guidance: HubSpot to PostgreSQL,Technical product users and administrators,Verify during page review,See duplicate-content.csv,Verify during page review,Review,Review in context,Not workflow-bound,documentation,KEEP AND IMPROVE,548,111,0,0,0,0,0,0
documentation,article,apps/mantrixflow-docs/example/pipelines/mongodb-and-postgresql.mdx,,MongoDB and PostgreSQL verified paths,Technical guidance: MongoDB and PostgreSQL verified paths,Technical product users and administrators,Verify during page review,See duplicate-content.csv,Verify during page review,Review,Review in context,Not workflow-bound,documentation,KEEP AND IMPROVE,593,112,0,0,0,0,0,1
documentation,article,apps/mantrixflow-docs/example/pipelines/postgres-incremental.mdx,,PostgreSQL incremental sample,Technical guidance: PostgreSQL incremental sample,Technical product users and administrators,Verify during page review,See duplicate-content.csv,Verify during page review,Review,Review in context,Not workflow-bound,documentation,KEEP AND IMPROVE,513,144,0,0,0,0,0,5
documentation,article,apps/mantrixflow-docs/example/pipelines/postgres-to-postgres.mdx,,PostgreSQL to PostgreSQL,Technical guidance: PostgreSQL to PostgreSQL,Technical product users and administrators,Verify during page review,See duplicate-content.csv,Verify during page review,Review,Review in context,Not workflow-bound,documentation,KEEP AND IMPROVE,287,72,0,0,0,0,0,0
documentation,article,apps/mantrixflow-docs/example/pipelines/stripe-to-postgres.mdx,,Stripe to PostgreSQL,Technical guidance: Stripe to PostgreSQL,Technical product users and administrators,Verify during page review,See duplicate-content.csv,Verify during page review,Review,Review in context,Not workflow-bound,documentation,KEEP AND IMPROVE,350,75,0,0,0,0,0,0
documentation,article,apps/mantrixflow-docs/getting-started/core-concepts.mdx,,Core Concepts,Technical guidance: Core Concepts,Technical product users and administrators,Verify during page review,See duplicate-content.csv,Verify during page review,Review,Review in context,Not workflow-bound,documentation,KEEP AND IMPROVE,481,93,0,0,0,0,0,0
documentation,article,apps/mantrixflow-docs/getting-started/faq.mdx,,FAQ,Technical guidance: FAQ,Technical product users and administrators,Verify during page review,See duplicate-content.csv,Verify during page review,Review,Review in context,Not workflow-bound,documentation,KEEP AND IMPROVE,464,76,0,0,0,0,0,3
documentation,article,apps/mantrixflow-docs/getting-started/introduction.mdx,,Getting started,Technical guidance: Getting started,Technical product users and administrators,Verify during page review,See duplicate-content.csv,Verify during page review,Review,Review in context,Not workflow-bound,documentation,KEEP AND IMPROVE,438,56,0,0,0,0,0,0
documentation,article,apps/mantrixflow-docs/getting-started/quick-start.mdx,,Quick Start,Technical guidance: Quick Start,Technical product users and administrators,Verify during page review,See duplicate-content.csv,Verify during page review,Review,Review in context,Not workflow-bound,documentation,KEEP AND IMPROVE,408,100,0,0,0,0,0,0
documentation,article,apps/mantrixflow-docs/index.mdx,,Introduction,Technical guidance: Introduction,Technical product users and administrators,Verify during page review,See duplicate-content.csv,Verify during page review,Review,Review in context,Not workflow-bound,documentation,KEEP AND IMPROVE,397,64,0,0,0,0,0,3
documentation,article,apps/mantrixflow-docs/pipelines/creating.mdx,,Creating a pipeline,Technical guidance: Creating a pipeline,Technical product users and administrators,Verify during page review,See duplicate-content.csv,Verify during page review,Review,Review in context,Not workflow-bound,documentation,KEEP AND IMPROVE,311,64,0,0,0,0,0,0
documentation,article,apps/mantrixflow-docs/pipelines/data-type-compatibility.mdx,,Data type compatibility,Technical guidance: Data type compatibility,Technical product users and administrators,Verify during page review,See duplicate-content.csv,Verify during page review,Review,Review in context,Not workflow-bound,documentation,KEEP AND IMPROVE,161,32,0,0,0,0,0,1
documentation,article,apps/mantrixflow-docs/pipelines/dbt-layer.mdx,,SQL transformations,Technical guidance: SQL transformations,Technical product users and administrators,Verify during page review,See duplicate-content.csv,Verify during page review,Review,Review in context,Not workflow-bound,documentation,KEEP AND IMPROVE,241,59,0,0,0,0,0,0
documentation,article,apps/mantrixflow-docs/pipelines/normalisation.mdx,,Rename and cast in SQL,Technical guidance: Rename and cast in SQL,Technical product users and administrators,Verify during page review,See duplicate-content.csv,Verify during page review,Review,Review in context,Not workflow-bound,documentation,KEEP AND IMPROVE,153,41,0,0,0,0,0,0
documentation,article,apps/mantrixflow-docs/pipelines/overview.mdx,,Pipelines Overview,Technical guidance: Pipelines Overview,Technical product users and administrators,Verify during page review,See duplicate-content.csv,Verify during page review,Review,Review in context,Not workflow-bound,documentation,KEEP AND IMPROVE,402,66,0,0,0,0,0,0
documentation,article,apps/mantrixflow-docs/pipelines/run-history.mdx,,Runs,Technical guidance: Runs,Technical product users and administrators,Verify during page review,See duplicate-content.csv,Verify during page review,Review,Review in context,Not workflow-bound,documentation,KEEP AND IMPROVE,153,34,0,0,0,0,0,0
documentation,article,apps/mantrixflow-docs/pipelines/schedule.mdx,,Schedule and automation,Technical guidance: Schedule and automation,Technical product users and administrators,Verify during page review,See duplicate-content.csv,Verify during page review,Review,Review in context,Not workflow-bound,documentation,KEEP AND IMPROVE,161,31,0,0,0,0,0,0
documentation,article,apps/mantrixflow-docs/pipelines/sync-modes.mdx,,Sync modes,Technical guidance: Sync modes,Technical product users and administrators,Verify during page review,See duplicate-content.csv,Verify during page review,Review,Review in context,Not workflow-bound,documentation,KEEP AND IMPROVE,186,39,0,0,0,0,0,0
documentation,article,apps/mantrixflow-docs/pipelines/transformation-rules.mdx,,Transformation workflow,Technical guidance: Transformation workflow,Technical product users and administrators,Verify during page review,See duplicate-content.csv,Verify during page review,Review,Review in context,Not workflow-bound,documentation,KEEP AND IMPROVE,171,37,0,0,0,0,0,0
documentation,article,apps/mantrixflow-docs/platform/data-privacy.mdx,,Data privacy,Technical guidance: Data privacy,Technical product users and administrators,Verify during page review,See duplicate-content.csv,Verify during page review,Review,Review in context,Not workflow-bound,documentation,KEEP AND IMPROVE,355,47,0,0,0,0,0,1
documentation,article,apps/mantrixflow-docs/platform/organisation.mdx,,Organization setup,Technical guidance: Organization setup,Technical product users and administrators,Verify during page review,See duplicate-content.csv,Verify during page review,Review,Review in context,Not workflow-bound,documentation,KEEP AND IMPROVE,315,54,0,0,0,0,0,0
documentation,article,apps/mantrixflow-docs/platform/security.mdx,,Security and encryption,Technical guidance: Security and encryption,Technical product users and administrators,Verify during page review,See duplicate-content.csv,Verify during page review,Review,Review in context,Not workflow-bound,documentation,KEEP AND IMPROVE,379,50,0,0,0,0,0,0
documentation,article,apps/mantrixflow-docs/platform/team-members.mdx,,Team members,Technical guidance: Team members,Technical product users and administrators,Verify during page review,See duplicate-content.csv,Verify during page review,Review,Review in context,Not workflow-bound,documentation,KEEP AND IMPROVE,405,66,0,0,0,0,0,1
documentation,article,apps/mantrixflow-docs/pricing.mdx,,Pricing,Technical guidance: Pricing,Technical product users and administrators,Verify during page review,See duplicate-content.csv,Verify during page review,Review,Review in context,Not workflow-bound,documentation,KEEP AND IMPROVE,288,45,0,0,0,0,0,2
documentation,article,apps/mantrixflow-docs/sync-reference/cdc-overview.mdx,,Change capture status,Technical guidance: Change capture status,Technical product users and administrators,Verify during page review,See duplicate-content.csv,Verify during page review,Review,Review in context,Not workflow-bound,documentation,KEEP AND IMPROVE,54,14,0,0,0,0,0,1
documentation,article,apps/mantrixflow-docs/sync-reference/cdc-postgresql.mdx,,PostgreSQL change capture status,Technical guidance: PostgreSQL change capture status,Technical product users and administrators,Verify during page review,See duplicate-content.csv,Verify during page review,Review,Review in context,Not workflow-bound,documentation,KEEP AND IMPROVE,55,11,0,0,0,0,0,1
documentation,article,apps/mantrixflow-docs/sync-reference/full-sync.mdx,,Full Table sync,Technical guidance: Full Table sync,Technical product users and administrators,Verify during page review,See duplicate-content.csv,Verify during page review,Review,Review in context,Not workflow-bound,documentation,KEEP AND IMPROVE,181,34,0,0,0,0,0,0
documentation,article,apps/mantrixflow-docs/sync-reference/incremental-sync.mdx,,Incremental sync,Technical guidance: Incremental sync,Technical product users and administrators,Verify during page review,See duplicate-content.csv,Verify during page review,Review,Review in context,Not workflow-bound,documentation,KEEP AND IMPROVE,203,36,0,0,0,0,0,0
documentation,article,apps/mantrixflow-docs/sync-reference/sync-state.mdx,,Sync state,Technical guidance: Sync state,Technical product users and administrators,Verify during page review,See duplicate-content.csv,Verify during page review,Review,Review in context,Not workflow-bound,documentation,KEEP AND IMPROVE,131,26,0,0,0,0,0,0
documentation,article,apps/mantrixflow-docs/troubleshooting/index.mdx,,Troubleshooting,Technical guidance: Troubleshooting,Technical product users and administrators,Verify during page review,See duplicate-content.csv,Verify during page review,Review,Review in context,Not workflow-bound,documentation,KEEP AND IMPROVE,342,48,0,0,0,0,0,0
documentation,article,apps/mantrixflow-docs/user-guide/activity-and-edge-cases.mdx,,Activity and edge cases,Technical guidance: Activity and edge cases,Technical product users and administrators,Verify during page review,See duplicate-content.csv,Verify during page review,Review,Review in context,Not workflow-bound,documentation,KEEP AND IMPROVE,156,28,0,0,0,0,0,0
documentation,article,apps/mantrixflow-docs/user-guide/connections.mdx,,Connections,Technical guidance: Connections,Technical product users and administrators,Verify during page review,See duplicate-content.csv,Verify during page review,Review,Review in context,Not workflow-bound,documentation,KEEP AND IMPROVE,359,66,0,0,0,0,0,0
documentation,article,apps/mantrixflow-docs/user-guide/index.mdx,,User guide,Technical guidance: User guide,Technical product users and administrators,Verify during page review,See duplicate-content.csv,Verify during page review,Review,Review in context,Not workflow-bound,documentation,KEEP AND IMPROVE,125,29,0,0,0,0,0,1
documentation,article,apps/mantrixflow-docs/user-guide/organizations.mdx,,Organizations and workspace context,Technical guidance: Organizations and workspace context,Technical product users and administrators,Verify during page review,See duplicate-content.csv,Verify during page review,Review,Review in context,Not workflow-bound,documentation,KEEP AND IMPROVE,236,52,0,0,0,0,0,2
documentation,article,apps/mantrixflow-docs/user-guide/oria-copilot.mdx,,Use Oria Copilot,Technical guidance: Use Oria Copilot,Technical product users and administrators,Verify during page review,See duplicate-content.csv,Verify during page review,Review,Review in context,Not workflow-bound,documentation,KEEP AND IMPROVE,731,140,0,0,0,0,0,0
documentation,article,apps/mantrixflow-docs/user-guide/pipelines.mdx,,Pipelines and runs,Technical guidance: Pipelines and runs,Technical product users and administrators,Verify during page review,See duplicate-content.csv,Verify during page review,Review,Review in context,Not workflow-bound,documentation,KEEP AND IMPROVE,204,41,0,0,0,0,0,0
documentation,article,apps/mantrixflow-docs/user-guide/transformations-and-branches.mdx,,SQL transformations and revisions,Technical guidance: SQL transformations and revisions,Technical product users and administrators,Verify during page review,See duplicate-content.csv,Verify during page review,Review,Review in context,Not workflow-bound,documentation,KEEP AND IMPROVE,227,50,0,0,0,0,0,0
internal_reference,article,md-docs/AGENT_GRID_IMPLEMENTATION.md,,Agent Grid View Implementation,Implementation plan or engineering reference,MantrixFlow engineering and operations,Verify during page review,See duplicate-content.csv,Verify during page review,Review,Review in context,Not workflow-bound,Internal engineering documentation,ARCHIVE,521,130,0,0,0,0,0,0
internal_reference,article,md-docs/AGENT_GRID_QUICK_START.md,,Quick Start Guide - Agent Grid View,Technical guidance: Quick Start Guide - Agent Grid View,Technical product users and administrators,Verify during page review,See duplicate-content.csv,Verify during page review,Review,Review in context,Not workflow-bound,Internal engineering documentation,KEEP AND IMPROVE,830,217,0,0,0,1,1,0
internal_reference,article,md-docs/AGENT_GRID_UI_GUIDE.md,,Agent Grid View - Visual Guide,Technical guidance: Agent Grid View - Visual Guide,Technical product users and administrators,Verify during page review,See duplicate-content.csv,Verify during page review,Review,Review in context,Not workflow-bound,Internal engineering documentation,KEEP AND IMPROVE,912,281,0,0,0,1,0,0
internal_reference,article,md-docs/README.md,,md-docs,Technical guidance: md-docs,Technical product users and administrators,Verify during page review,See duplicate-content.csv,Verify during page review,Review,Review in context,Not workflow-bound,Internal engineering documentation,KEEP AND IMPROVE,1065,138,0,0,0,0,0,4
internal_reference,article,md-docs/VERCEL_DEPLOYMENT.md,,MantrixFlow Frontend Deployment,Internal setup or operations guidance,MantrixFlow engineering and operations,Verify during page review,See duplicate-content.csv,Verify during page review,Review,Review in context,Not workflow-bound,Internal engineering documentation,MOVE TO ADVANCED SECTION,114,32,0,0,0,0,0,0
internal_reference,article,md-docs/agents/README.md,,Mantrixflow Agents Docs,Technical guidance: Mantrixflow Agents Docs,Technical product users and administrators,Unverified,See duplicate-content.csv,Possible,Review,Review in context,Not workflow-bound,Internal engineering documentation,REQUIRES PRODUCT CONFIRMATION,191,23,0,0,0,0,0,0
internal_reference,article,md-docs/agents/flow-charts.md,,Agent Flow Charts,Technical guidance: Agent Flow Charts,Technical product users and administrators,Unverified,See duplicate-content.csv,Possible,Review,Review in context,Not workflow-bound,Internal engineering documentation,REQUIRES PRODUCT CONFIRMATION,683,187,0,0,0,0,0,0
internal_reference,article,md-docs/agents/how-it-works.md,,How Agents Work,Technical guidance: How Agents Work,Technical product users and administrators,Unverified,See duplicate-content.csv,Possible,Review,Review in context,Not workflow-bound,Internal engineering documentation,REQUIRES PRODUCT CONFIRMATION,869,171,0,0,0,0,0,0
internal_reference,article,md-docs/agents/model-providers.md,,Agent Model Providers,Technical guidance: Agent Model Providers,Technical product users and administrators,Unverified,See duplicate-content.csv,Possible,Review,Review in context,Not workflow-bound,Internal engineering documentation,REQUIRES PRODUCT CONFIRMATION,455,190,0,0,0,0,0,0
internal_reference,article,md-docs/agents/setup-guide.md,,Agent Setup Guide,Internal setup or operations guidance,MantrixFlow engineering and operations,Verify during page review,See duplicate-content.csv,Verify during page review,Review,Review in context,Not workflow-bound,Internal engineering documentation,MOVE TO ADVANCED SECTION,674,198,0,0,0,0,0,0
internal_reference,article,md-docs/agents/workflows.md,,Agent Workflows,Technical guidance: Agent Workflows,Technical product users and administrators,Unverified,See duplicate-content.csv,Possible,Review,Review in context,Not workflow-bound,Internal engineering documentation,REQUIRES PRODUCT CONFIRMATION,657,174,0,0,0,0,0,0
internal_reference,article,md-docs/ai-copilot-phase-1.md,,Oria Copilot — AI SDK production architecture,Technical guidance: Oria Copilot — AI SDK production architecture,Technical product users and administrators,Verify during page review,See duplicate-content.csv,Verify during page review,Review,Review in context,Not workflow-bound,Internal engineering documentation,KEEP AND IMPROVE,305,60,0,0,0,0,0,1
internal_reference,article,md-docs/analytics-page-implementation.md,,MANTrixFlow — Analytics Page Implementation,Implementation plan or engineering reference,MantrixFlow engineering and operations,Verify during page review,See duplicate-content.csv,Verify during page review,Likely,Review in context,Not workflow-bound,Internal engineering documentation,ARCHIVE,3318,878,0,0,0,0,3,2
internal_reference,article,md-docs/autosend-dodo-supabase-production-runbook.md,,"AutoSend, Dodo, And Supabase Production Runbook",Internal setup or operations guidance,MantrixFlow engineering and operations,Verify during page review,See duplicate-content.csv,Verify during page review,Review,Review in context,Not workflow-bound,Internal engineering documentation,MOVE TO ADVANCED SECTION,867,122,0,0,0,0,0,0
internal_reference,article,md-docs/autosend-email-catalog.md,,AutoSend Email Catalog,Internal setup or operations guidance,Technical product users and administrators,Verify during page review,See duplicate-content.csv,Verify during page review,Likely,Review in context,Not workflow-bound,Internal engineering documentation,MOVE TO ADVANCED SECTION,1206,65,0,0,0,0,0,0
internal_reference,article,md-docs/autosend-email-system-plan.md,,AutoSend Email System Plan,Internal setup or operations guidance,MantrixFlow engineering and operations,Verify during page review,See duplicate-content.csv,Verify during page review,Review,Review in context,Not workflow-bound,Internal engineering documentation,ARCHIVE,548,94,0,0,0,0,0,1
internal_reference,article,md-docs/autosend-production-deployment-guide.md,,AutoSend Production Deployment Guide,Internal setup or operations guidance,MantrixFlow engineering and operations,Verify during page review,See duplicate-content.csv,Verify during page review,Review,Review in context,Not workflow-bound,Internal engineering documentation,MOVE TO ADVANCED SECTION,807,300,0,0,0,0,0,1
internal_reference,article,md-docs/autosend-template-copy.md,,AutoSend Template Copy,Internal setup or operations guidance,Technical product users and administrators,Verify during page review,See duplicate-content.csv,Verify during page review,Likely,Review in context,Not workflow-bound,Internal engineering documentation,MOVE TO ADVANCED SECTION,1626,69,0,0,0,0,0,0
internal_reference,article,md-docs/autosend-template-design-guide.md,,AutoSend Template Design Guide,Internal setup or operations guidance,Technical product users and administrators,Verify during page review,See duplicate-content.csv,Verify during page review,Review,Review in context,Not workflow-bound,Internal engineering documentation,MOVE TO ADVANCED SECTION,512,88,0,0,0,0,0,0
internal_reference,article,md-docs/autosend-template-id-map.md,,AutoSend Template ID Map,Internal setup or operations guidance,Technical product users and administrators,Verify during page review,See duplicate-content.csv,Verify during page review,Review,Review in context,Not workflow-bound,Internal engineering documentation,MOVE TO ADVANCED SECTION,699,106,0,0,0,0,0,0
internal_reference,article,md-docs/aws-ses-setup.md,,AWS SES Setup For MantrixFlow,Internal setup or operations guidance,MantrixFlow engineering and operations,Verify during page review,See duplicate-content.csv,Verify during page review,Likely,Review in context,Not workflow-bound,Internal engineering documentation,MOVE TO ADVANCED SECTION,1801,419,0,0,0,0,0,1
internal_reference,article,md-docs/betterstack-setup.md,,Better Stack setup,Internal setup or operations guidance,MantrixFlow engineering and operations,Verify during page review,See duplicate-content.csv,Verify during page review,Review,Review in context,Not workflow-bound,Internal engineering documentation,MOVE TO ADVANCED SECTION,741,169,0,0,0,0,0,0
internal_reference,article,md-docs/betterstack-status-page-creation.md,,Moved → betterstack-setup.md,Technical guidance: Moved → betterstack-setup.md,Technical product users and administrators,Verify during page review,See duplicate-content.csv,Verify during page review,Review,Review in context,Not workflow-bound,Internal engineering documentation,MOVE TO ADVANCED SECTION,20,8,0,0,0,0,0,0
internal_reference,article,md-docs/billing-dodo-billingsdk.md,,MantrixFlow Billing: Dodo Hosted Checkout + Billing UI,Technical guidance: MantrixFlow Billing: Dodo Hosted Checkout + Billing UI,Technical product users and administrators,Verify during page review,See duplicate-content.csv,Verify during page review,Review,Review in context,Not workflow-bound,Internal engineering documentation,MOVE TO ADVANCED SECTION,710,106,0,0,0,0,0,2
internal_reference,article,md-docs/deployment-oracle-cloud.md,,Oracle Cloud Production Deployment,Internal setup or operations guidance,MantrixFlow engineering and operations,Verify during page review,See duplicate-content.csv,Verify during page review,Likely,Review in context,Not workflow-bound,Internal engineering documentation,MOVE TO ADVANCED SECTION,2380,420,0,0,0,0,0,1
internal_reference,article,md-docs/deployment-vercel.md,,Deployment on Vercel (notes),Internal setup or operations guidance,MantrixFlow engineering and operations,Verify during page review,See duplicate-content.csv,Verify during page review,Review,Review in context,Not workflow-bound,Internal engineering documentation,MOVE TO ADVANCED SECTION,158,41,0,0,0,0,0,0
internal_reference,article,md-docs/dodo-autosend-transformations.md,,Dodo AutoSend Transformations,Technical guidance: Dodo AutoSend Transformations,Technical product users and administrators,Verify during page review,See duplicate-content.csv,Verify during page review,Review,Review in context,Not workflow-bound,Internal engineering documentation,MOVE TO ADVANCED SECTION,1062,278,0,0,0,0,0,0
internal_reference,article,md-docs/dodo-payments-flowchart.md,,Dodo Payments and MantrixFlow Flow Charts,Technical guidance: Dodo Payments and MantrixFlow Flow Charts,Technical product users and administrators,Verify during page review,See duplicate-content.csv,Verify during page review,Review,Review in context,Not workflow-bound,Internal engineering documentation,MOVE TO ADVANCED SECTION,347,79,0,0,0,0,0,1
internal_reference,article,md-docs/dodo-payments-setup.md,,Dodo Payments Setup For MantrixFlow,Internal setup or operations guidance,MantrixFlow engineering and operations,Verify during page review,See duplicate-content.csv,Verify during page review,Review,Review in context,Not workflow-bound,Internal engineering documentation,MOVE TO ADVANCED SECTION,730,132,0,0,0,0,0,2
internal_reference,article,md-docs/frontend-architecture-audit-final.md,,MantrixFlow frontend architecture audit — final,Technical guidance: MantrixFlow frontend architecture audit — final,Technical product users and administrators,Verify during page review,See duplicate-content.csv,Verify during page review,Review,Review in context,Not workflow-bound,Internal engineering documentation,KEEP AND IMPROVE,719,123,0,0,0,0,1,1
internal_reference,article,md-docs/frontend-architecture-audit-v2.md,,MantrixFlow frontend architecture audit (v2),Technical guidance: MantrixFlow frontend architecture audit (v2),Technical product users and administrators,Verify during page review,See duplicate-content.csv,Verify during page review,Likely,Review in context,Not workflow-bound,Internal engineering documentation,KEEP AND IMPROVE,1706,158,0,0,0,1,1,0
internal_reference,article,md-docs/frontend-architecture-audit.md,,MantrixFlow frontend architecture audit,Technical guidance: MantrixFlow frontend architecture audit,Technical product users and administrators,Verify during page review,See duplicate-content.csv,Verify during page review,Likely,Review in context,Not workflow-bound,Internal engineering documentation,KEEP AND IMPROVE,23162,589,0,0,0,0,0,0
internal_reference,article,md-docs/frontend-file-size-audit.md,,MantrixFlow frontend file-size audit,Technical guidance: MantrixFlow frontend file-size audit,Technical product users and administrators,Verify during page review,See duplicate-content.csv,Verify during page review,Likely,Review in context,Not workflow-bound,Internal engineering documentation,KEEP AND IMPROVE,2244,183,0,0,0,0,0,0
internal_reference,article,md-docs/frontend-fractal-architecture-report.md,,MantrixFlow frontend — fractal architecture restructure (final),Technical guidance: MantrixFlow frontend — fractal architecture restructure (final),Technical product users and administrators,Verify during page review,See duplicate-content.csv,Verify during page review,Likely,Review in context,Not workflow-bound,Internal engineering documentation,KEEP AND IMPROVE,1443,283,0,0,0,1,0,1
internal_reference,article,md-docs/frontend-refactor-audit.md,,Frontend refactor audit and migration plan,Technical guidance: Frontend refactor audit and migration plan,Technical product users and administrators,Verify during page review,See duplicate-content.csv,Verify during page review,Likely,Review in context,Not workflow-bound,Internal engineering documentation,KEEP AND IMPROVE,3635,608,0,0,0,3,1,1
internal_reference,article,md-docs/frontend-refactor-final-report.md,,MantrixFlow frontend refactor report,Technical guidance: MantrixFlow frontend refactor report,Technical product users and administrators,Verify during page review,See duplicate-content.csv,Verify during page review,Likely,Review in context,Not workflow-bound,Internal engineering documentation,KEEP AND IMPROVE,1393,136,0,0,0,0,0,1
internal_reference,article,md-docs/github/README.md,,GitHub Version Control For Pipeline Configs,Technical guidance: GitHub Version Control For Pipeline Configs,Technical product users and administrators,Verify during page review,See duplicate-content.csv,Verify during page review,Review,Review in context,Not workflow-bound,Internal engineering documentation,KEEP AND IMPROVE,271,34,0,0,0,0,0,0
internal_reference,article,md-docs/github/backend-plan.md,,Backend Plan,Implementation plan or engineering reference,MantrixFlow engineering and operations,Verify during page review,See duplicate-content.csv,Verify during page review,Review,Review in context,Not workflow-bound,Internal engineering documentation,ARCHIVE,447,101,0,0,0,0,0,1
internal_reference,article,md-docs/github/frontend-plan.md,,Frontend Plan,Implementation plan or engineering reference,MantrixFlow engineering and operations,Verify during page review,See duplicate-content.csv,Verify during page review,Review,Review in context,Not workflow-bound,Internal engineering documentation,ARCHIVE,277,66,0,0,0,0,0,1
internal_reference,article,md-docs/github/setup/github-app-setup.md,,GitHub App Setup,Internal setup or operations guidance,MantrixFlow engineering and operations,Verify during page review,See duplicate-content.csv,Verify during page review,Review,Review in context,Not workflow-bound,Internal engineering documentation,MOVE TO ADVANCED SECTION,677,163,0,0,0,0,0,0
internal_reference,article,md-docs/github/test-plan.md,,Test Plan,Implementation plan or engineering reference,MantrixFlow engineering and operations,Verify during page review,See duplicate-content.csv,Verify during page review,Review,Review in context,Not workflow-bound,Internal engineering documentation,ARCHIVE,339,66,0,0,0,0,0,0
internal_reference,article,md-docs/github/yaml-contract.md,,YAML Contract,Technical guidance: YAML Contract,Technical product users and administrators,Verify during page review,See duplicate-content.csv,Verify during page review,Review,Review in context,Not workflow-bound,Internal engineering documentation,KEEP AND IMPROVE,355,84,0,0,0,0,0,1
internal_reference,article,md-docs/hubspot-postgres-full-phase-plan.md,,HubSpot to PostgreSQL Full-Phase Connector Plan,Implementation plan or engineering reference,MantrixFlow engineering and operations,Verify during page review,See duplicate-content.csv,Verify during page review,Likely,Review in context,Not workflow-bound,Internal engineering documentation,ARCHIVE,8727,1163,0,0,0,0,0,11
internal_reference,article,md-docs/infrastructure-ci-cd-implementation-report.md,,Infrastructure and CI/CD implementation report,Implementation plan or engineering reference,MantrixFlow engineering and operations,Verify during page review,See duplicate-content.csv,Verify during page review,Review,Review in context,Not workflow-bound,Internal engineering documentation,ARCHIVE,756,114,0,0,0,0,0,1
internal_reference,article,md-docs/manual-testing/README.md,,MantrixFlow — Manual Testing Guide,Internal manual QA procedure or acceptance evidence,MantrixFlow engineering and operations,Verify during page review,See duplicate-content.csv,Verify during page review,Likely,Review in context,Not workflow-bound,Internal engineering documentation,MOVE TO ADVANCED SECTION,1434,232,0,0,0,0,0,3
internal_reference,article,md-docs/manual-testing/column-mapping.md,,"Column Mapping, Type Coercion & JSON Extraction — Manual Testing Guide",Internal manual QA procedure or acceptance evidence,MantrixFlow engineering and operations,Verify during page review,See duplicate-content.csv,Verify during page review,Likely,Review in context,Not workflow-bound,Internal engineering documentation,MOVE TO ADVANCED SECTION,2827,876,0,0,0,0,0,0
internal_reference,article,md-docs/manual-testing/dbt-layer.md,,dbt Layer — Manual Testing Guide,Internal manual QA procedure or acceptance evidence,MantrixFlow engineering and operations,Verify during page review,See duplicate-content.csv,Verify during page review,Likely,Review in context,Not workflow-bound,Internal engineering documentation,MOVE TO ADVANCED SECTION,1926,483,0,0,0,0,0,0
internal_reference,article,md-docs/manual-testing/destinations/cockroachdb.md,,CockroachDB Destination — Manual Testing Guide,Internal manual QA procedure or acceptance evidence,MantrixFlow engineering and operations,Verify during page review,See duplicate-content.csv,Verify during page review,Review,Review in context,Not workflow-bound,Internal engineering documentation,MOVE TO ADVANCED SECTION,659,227,0,0,0,0,0,0
internal_reference,article,md-docs/manual-testing/destinations/mariadb.md,,MariaDB Destination — Manual Testing Guide,Internal manual QA procedure or acceptance evidence,MantrixFlow engineering and operations,Verify during page review,See duplicate-content.csv,Verify during page review,Review,Review in context,Not workflow-bound,Internal engineering documentation,MOVE TO ADVANCED SECTION,470,166,0,0,0,0,0,0
internal_reference,article,md-docs/manual-testing/destinations/mysql.md,,MySQL Destination — Manual Testing Guide,Internal manual QA procedure or acceptance evidence,MantrixFlow engineering and operations,Verify during page review,See duplicate-content.csv,Verify during page review,Review,Review in context,Not workflow-bound,Internal engineering documentation,MOVE TO ADVANCED SECTION,464,169,0,0,0,0,0,0
internal_reference,article,md-docs/manual-testing/destinations/postgres.md,,PostgreSQL Destination — Manual Testing Guide,Internal manual QA procedure or acceptance evidence,MantrixFlow engineering and operations,Verify during page review,See duplicate-content.csv,Verify during page review,Review,Review in context,Not workflow-bound,Internal engineering documentation,MOVE TO ADVANCED SECTION,628,216,0,0,0,0,0,0
internal_reference,article,md-docs/manual-testing/destinations/sqlite.md,,SQLite Destination — Manual Testing Guide,Internal manual QA procedure or acceptance evidence,MantrixFlow engineering and operations,Verify during page review,See duplicate-content.csv,Verify during page review,Review,Review in context,Not workflow-bound,Internal engineering documentation,MOVE TO ADVANCED SECTION,653,183,0,0,0,0,0,0
internal_reference,article,md-docs/manual-testing/incremental-merge-key-playwright.md,,Incremental merge-key Playwright E2E,Internal manual QA procedure or acceptance evidence,MantrixFlow engineering and operations,Verify during page review,See duplicate-content.csv,Verify during page review,Review,Review in context,Not workflow-bound,Internal engineering documentation,MOVE TO ADVANCED SECTION,544,101,0,0,0,0,0,0
internal_reference,article,md-docs/manual-testing/normalisation.md,,Normalisation Rules — Manual Testing Guide,Internal manual QA procedure or acceptance evidence,MantrixFlow engineering and operations,Verify during page review,See duplicate-content.csv,Verify during page review,Review,Review in context,Not workflow-bound,Internal engineering documentation,MOVE TO ADVANCED SECTION,1073,330,0,0,0,0,0,0
internal_reference,article,md-docs/manual-testing/pipeline-step-by-step.md,,Pipeline-by-Pipeline Step-by-Step Test Cases,Internal manual QA procedure or acceptance evidence,MantrixFlow engineering and operations,Verify during page review,See duplicate-content.csv,Verify during page review,Likely,Review in context,Not workflow-bound,Internal engineering documentation,MOVE TO ADVANCED SECTION,5581,1486,0,0,0,0,0,1
internal_reference,article,md-docs/manual-testing/pipelines/README.md,,50-Pipeline Test Index,Internal manual QA procedure or acceptance evidence,MantrixFlow engineering and operations,Verify during page review,See duplicate-content.csv,Verify during page review,Review,Review in context,Not workflow-bound,Internal engineering documentation,MOVE TO ADVANCED SECTION,807,100,0,0,0,0,0,0
internal_reference,article,md-docs/manual-testing/pipelines/db/26-postgres-to-postgres.md,,Pipeline 26 — PostgreSQL Source → PostgreSQL Destination,Internal manual QA procedure or acceptance evidence,MantrixFlow engineering and operations,Verify during page review,See duplicate-content.csv,Verify during page review,Review,Review in context,Not workflow-bound,Internal engineering documentation,MOVE TO ADVANCED SECTION,689,174,0,0,0,0,0,0
internal_reference,article,md-docs/manual-testing/pipelines/db/27-postgres-to-mysql.md,,Pipeline 27 — PostgreSQL Source → MySQL Destination,Internal manual QA procedure or acceptance evidence,MantrixFlow engineering and operations,Verify during page review,See duplicate-content.csv,Verify during page review,Review,Review in context,Not workflow-bound,Internal engineering documentation,MOVE TO ADVANCED SECTION,177,70,0,0,0,0,0,0
internal_reference,article,md-docs/manual-testing/pipelines/db/28-postgres-to-mariadb.md,,Pipeline 28 — PostgreSQL Source → MariaDB Destination,Internal manual QA procedure or acceptance evidence,MantrixFlow engineering and operations,Verify during page review,See duplicate-content.csv,Verify during page review,Review,Review in context,Not workflow-bound,Internal engineering documentation,MOVE TO ADVANCED SECTION,117,52,0,0,0,0,0,0
internal_reference,article,md-docs/manual-testing/pipelines/db/29-postgres-to-sqlite.md,,Pipeline 29 — PostgreSQL Source → SQLite Destination,Internal manual QA procedure or acceptance evidence,MantrixFlow engineering and operations,Verify during page review,See duplicate-content.csv,Verify during page review,Review,Review in context,Not workflow-bound,Internal engineering documentation,MOVE TO ADVANCED SECTION,158,47,0,0,0,0,0,0
internal_reference,article,md-docs/manual-testing/pipelines/db/30-postgres-to-cockroachdb.md,,Pipeline 30 — PostgreSQL Source → CockroachDB Destination,Internal manual QA procedure or acceptance evidence,MantrixFlow engineering and operations,Verify during page review,See duplicate-content.csv,Verify during page review,Review,Review in context,Not workflow-bound,Internal engineering documentation,MOVE TO ADVANCED SECTION,170,59,0,0,0,0,0,0
internal_reference,article,md-docs/manual-testing/pipelines/db/31-mysql-to-postgres.md,,Pipeline 31 — MySQL Source → PostgreSQL Destination,Internal manual QA procedure or acceptance evidence,MantrixFlow engineering and operations,Verify during page review,See duplicate-content.csv,Verify during page review,Review,Review in context,Not workflow-bound,Internal engineering documentation,MOVE TO ADVANCED SECTION,563,154,0,0,0,0,0,0
internal_reference,article,md-docs/manual-testing/pipelines/db/32-mysql-to-mysql.md,,Pipeline 32 — MySQL Source → MySQL Destination,Internal manual QA procedure or acceptance evidence,MantrixFlow engineering and operations,Verify during page review,See duplicate-content.csv,Verify during page review,Review,Review in context,Not workflow-bound,Internal engineering documentation,MOVE TO ADVANCED SECTION,141,56,0,0,0,0,0,0
internal_reference,article,md-docs/manual-testing/pipelines/db/33-mysql-to-mariadb.md,,Pipeline 33 — MySQL Source → MariaDB Destination,Internal manual QA procedure or acceptance evidence,MantrixFlow engineering and operations,Verify during page review,See duplicate-content.csv,Verify during page review,Review,Review in context,Not workflow-bound,Internal engineering documentation,MOVE TO ADVANCED SECTION,105,47,0,0,0,0,0,0
internal_reference,article,md-docs/manual-testing/pipelines/db/34-mysql-to-sqlite.md,,Pipeline 34 — MySQL Source → SQLite Destination,Internal manual QA procedure or acceptance evidence,MantrixFlow engineering and operations,Verify during page review,See duplicate-content.csv,Verify during page review,Review,Review in context,Not workflow-bound,Internal engineering documentation,MOVE TO ADVANCED SECTION,138,44,0,0,0,0,0,0
internal_reference,article,md-docs/manual-testing/pipelines/db/35-mysql-to-cockroachdb.md,,Pipeline 35 — MySQL Source → CockroachDB Destination,Internal manual QA procedure or acceptance evidence,MantrixFlow engineering and operations,Verify during page review,See duplicate-content.csv,Verify during page review,Review,Review in context,Not workflow-bound,Internal engineering documentation,MOVE TO ADVANCED SECTION,141,48,0,0,0,0,0,0
internal_reference,article,md-docs/manual-testing/pipelines/db/36-mariadb-to-postgres.md,,Pipeline 36 — MariaDB Source → PostgreSQL Destination,Internal manual QA procedure or acceptance evidence,MantrixFlow engineering and operations,Verify during page review,See duplicate-content.csv,Verify during page review,Review,Review in context,Not workflow-bound,Internal engineering documentation,MOVE TO ADVANCED SECTION,579,156,0,0,0,0,0,0
internal_reference,article,md-docs/manual-testing/pipelines/db/37-mariadb-to-mysql.md,,Pipeline 37 — MariaDB Source → MySQL Destination,Internal manual QA procedure or acceptance evidence,MantrixFlow engineering and operations,Verify during page review,See duplicate-content.csv,Verify during page review,Review,Review in context,Not workflow-bound,Internal engineering documentation,MOVE TO ADVANCED SECTION,113,53,0,0,0,0,0,0
internal_reference,article,md-docs/manual-testing/pipelines/db/38-mariadb-to-mariadb.md,,Pipeline 38 — MariaDB Source → MariaDB Destination,Internal manual QA procedure or acceptance evidence,MantrixFlow engineering and operations,Verify during page review,See duplicate-content.csv,Verify during page review,Review,Review in context,Not workflow-bound,Internal engineering documentation,MOVE TO ADVANCED SECTION,119,43,0,0,0,0,0,0
internal_reference,article,md-docs/manual-testing/pipelines/db/39-mariadb-to-sqlite.md,,Pipeline 39 — MariaDB Source → SQLite Destination,Internal manual QA procedure or acceptance evidence,MantrixFlow engineering and operations,Verify during page review,See duplicate-content.csv,Verify during page review,Review,Review in context,Not workflow-bound,Internal engineering documentation,MOVE TO ADVANCED SECTION,147,45,0,0,0,0,0,0
internal_reference,article,md-docs/manual-testing/pipelines/db/40-mariadb-to-cockroachdb.md,,Pipeline 40 — MariaDB Source → CockroachDB Destination,Internal manual QA procedure or acceptance evidence,MantrixFlow engineering and operations,Verify during page review,See duplicate-content.csv,Verify during page review,Review,Review in context,Not workflow-bound,Internal engineering documentation,MOVE TO ADVANCED SECTION,155,53,0,0,0,0,0,0
internal_reference,article,md-docs/manual-testing/pipelines/db/41-sqlite-to-postgres.md,,Pipeline 41 — SQLite Source → PostgreSQL Destination,Internal manual QA procedure or acceptance evidence,MantrixFlow engineering and operations,Verify during page review,See duplicate-content.csv,Verify during page review,Review,Review in context,Not workflow-bound,Internal engineering documentation,MOVE TO ADVANCED SECTION,542,142,0,0,0,0,0,0
internal_reference,article,md-docs/manual-testing/pipelines/db/42-sqlite-to-mysql.md,,Pipeline 42 — SQLite Source → MySQL Destination,Internal manual QA procedure or acceptance evidence,MantrixFlow engineering and operations,Verify during page review,See duplicate-content.csv,Verify during page review,Review,Review in context,Not workflow-bound,Internal engineering documentation,MOVE TO ADVANCED SECTION,126,52,0,0,0,0,0,0
internal_reference,article,md-docs/manual-testing/pipelines/db/43-sqlite-to-mariadb.md,,Pipeline 43 — SQLite Source → MariaDB Destination,Internal manual QA procedure or acceptance evidence,MantrixFlow engineering and operations,Verify during page review,See duplicate-content.csv,Verify during page review,Review,Review in context,Not workflow-bound,Internal engineering documentation,MOVE TO ADVANCED SECTION,98,43,0,0,0,0,0,0
internal_reference,article,md-docs/manual-testing/pipelines/db/44-sqlite-to-sqlite.md,,Pipeline 44 — SQLite Source → SQLite Destination,Internal manual QA procedure or acceptance evidence,MantrixFlow engineering and operations,Verify during page review,See duplicate-content.csv,Verify during page review,Review,Review in context,Not workflow-bound,Internal engineering documentation,MOVE TO ADVANCED SECTION,226,60,0,0,0,0,0,0
internal_reference,article,md-docs/manual-testing/pipelines/db/45-sqlite-to-cockroachdb.md,,Pipeline 45 — SQLite Source → CockroachDB Destination,Internal manual QA procedure or acceptance evidence,MantrixFlow engineering and operations,Verify during page review,See duplicate-content.csv,Verify during page review,Review,Review in context,Not workflow-bound,Internal engineering documentation,MOVE TO ADVANCED SECTION,142,46,0,0,0,0,0,0
internal_reference,article,md-docs/manual-testing/pipelines/db/46-cockroachdb-to-postgres.md,,Pipeline 46 — CockroachDB Source → PostgreSQL Destination,Internal manual QA procedure or acceptance evidence,MantrixFlow engineering and operations,Verify during page review,See duplicate-content.csv,Verify during page review,Review,Review in context,Not workflow-bound,Internal engineering documentation,MOVE TO ADVANCED SECTION,582,165,0,0,0,0,0,1
internal_reference,article,md-docs/manual-testing/pipelines/db/47-cockroachdb-to-mysql.md,,Pipeline 47 — CockroachDB Source → MySQL Destination,Internal manual QA procedure or acceptance evidence,MantrixFlow engineering and operations,Verify during page review,See duplicate-content.csv,Verify during page review,Review,Review in context,Not workflow-bound,Internal engineering documentation,MOVE TO ADVANCED SECTION,165,65,0,0,0,0,0,0
internal_reference,article,md-docs/manual-testing/pipelines/db/48-cockroachdb-to-mariadb.md,,Pipeline 48 — CockroachDB Source → MariaDB Destination,Internal manual QA procedure or acceptance evidence,MantrixFlow engineering and operations,Verify during page review,See duplicate-content.csv,Verify during page review,Review,Review in context,Not workflow-bound,Internal engineering documentation,MOVE TO ADVANCED SECTION,117,53,0,0,0,0,0,0
internal_reference,article,md-docs/manual-testing/pipelines/db/49-cockroachdb-to-sqlite.md,,Pipeline 49 — CockroachDB Source → SQLite Destination,Internal manual QA procedure or acceptance evidence,MantrixFlow engineering and operations,Verify during page review,See duplicate-content.csv,Verify during page review,Review,Review in context,Not workflow-bound,Internal engineering documentation,MOVE TO ADVANCED SECTION,163,61,0,0,0,0,0,0
internal_reference,article,md-docs/manual-testing/pipelines/db/50-cockroachdb-to-cockroachdb.md,,Pipeline 50 — CockroachDB Source → CockroachDB Destination,Internal manual QA procedure or acceptance evidence,MantrixFlow engineering and operations,Verify during page review,See duplicate-content.csv,Verify during page review,Review,Review in context,Not workflow-bound,Internal engineering documentation,MOVE TO ADVANCED SECTION,301,86,0,0,0,0,0,0
internal_reference,article,md-docs/manual-testing/pipelines/saas/01-stripe-to-postgres.md,,Pipeline 01 — Stripe → PostgreSQL,Internal manual QA procedure or acceptance evidence,MantrixFlow engineering and operations,Verify during page review,See duplicate-content.csv,Verify during page review,Likely,Review in context,Not workflow-bound,Internal engineering documentation,MOVE TO ADVANCED SECTION,2276,728,0,0,0,0,0,0
internal_reference,article,md-docs/manual-testing/pipelines/saas/02-stripe-to-mysql.md,,Pipeline 02 — Stripe → MySQL,Internal manual QA procedure or acceptance evidence,MantrixFlow engineering and operations,Verify during page review,See duplicate-content.csv,Verify during page review,Review,Review in context,Not workflow-bound,Internal engineering documentation,MOVE TO ADVANCED SECTION,851,305,0,0,0,0,0,0
internal_reference,article,md-docs/manual-testing/pipelines/saas/03-stripe-to-mariadb.md,,Pipeline 03 — Stripe → MariaDB,Internal manual QA procedure or acceptance evidence,MantrixFlow engineering and operations,Verify during page review,See duplicate-content.csv,Verify during page review,Review,Review in context,Not workflow-bound,Internal engineering documentation,MOVE TO ADVANCED SECTION,747,287,0,0,0,0,0,0
internal_reference,article,md-docs/manual-testing/pipelines/saas/04-stripe-to-sqlite.md,,Pipeline 04 — Stripe → SQLite,Internal manual QA procedure or acceptance evidence,MantrixFlow engineering and operations,Verify during page review,See duplicate-content.csv,Verify during page review,Review,Review in context,Not workflow-bound,Internal engineering documentation,MOVE TO ADVANCED SECTION,921,311,0,0,0,0,0,1
internal_reference,article,md-docs/manual-testing/pipelines/saas/05-stripe-to-cockroachdb.md,,Pipeline 05 — Stripe → CockroachDB,Internal manual QA procedure or acceptance evidence,MantrixFlow engineering and operations,Verify during page review,See duplicate-content.csv,Verify during page review,Review,Review in context,Not workflow-bound,Internal engineering documentation,MOVE TO ADVANCED SECTION,814,297,0,0,0,0,0,0
internal_reference,article,md-docs/manual-testing/pipelines/saas/06-shopify-to-postgres.md,,Pipeline 06 — Shopify → PostgreSQL,Internal manual QA procedure or acceptance evidence,MantrixFlow engineering and operations,Verify during page review,See duplicate-content.csv,Verify during page review,Likely,Review in context,Not workflow-bound,Internal engineering documentation,MOVE TO ADVANCED SECTION,1251,431,0,0,0,0,0,0
internal_reference,article,md-docs/manual-testing/pipelines/saas/07-shopify-to-mysql.md,,Pipeline 07 — Shopify → MySQL,Internal manual QA procedure or acceptance evidence,MantrixFlow engineering and operations,Verify during page review,See duplicate-content.csv,Verify during page review,Review,Review in context,Not workflow-bound,Internal engineering documentation,MOVE TO ADVANCED SECTION,370,161,0,0,0,0,0,0
internal_reference,article,md-docs/manual-testing/pipelines/saas/08-shopify-to-mariadb.md,,Pipeline 08 — Shopify → MariaDB,Internal manual QA procedure or acceptance evidence,MantrixFlow engineering and operations,Verify during page review,See duplicate-content.csv,Verify during page review,Review,Review in context,Not workflow-bound,Internal engineering documentation,MOVE TO ADVANCED SECTION,377,162,0,0,0,0,0,0
internal_reference,article,md-docs/manual-testing/pipelines/saas/09-shopify-to-sqlite.md,,Pipeline 09 — Shopify → SQLite,Internal manual QA procedure or acceptance evidence,MantrixFlow engineering and operations,Verify during page review,See duplicate-content.csv,Verify during page review,Review,Review in context,Not workflow-bound,Internal engineering documentation,MOVE TO ADVANCED SECTION,408,135,0,0,0,0,0,0
internal_reference,article,md-docs/manual-testing/pipelines/saas/10-shopify-to-cockroachdb.md,,Pipeline 10 — Shopify → CockroachDB,Internal manual QA procedure or acceptance evidence,MantrixFlow engineering and operations,Verify during page review,See duplicate-content.csv,Verify during page review,Review,Review in context,Not workflow-bound,Internal engineering documentation,MOVE TO ADVANCED SECTION,406,133,0,0,0,0,0,0
internal_reference,article,md-docs/manual-testing/pipelines/saas/11-hubspot-to-postgres.md,,Pipeline 11 — HubSpot → PostgreSQL,Internal manual QA procedure or acceptance evidence,MantrixFlow engineering and operations,Verify during page review,See duplicate-content.csv,Verify during page review,Review,Review in context,Not workflow-bound,Internal engineering documentation,MOVE TO ADVANCED SECTION,280,59,0,0,0,0,0,1
internal_reference,article,md-docs/manual-testing/pipelines/saas/12-hubspot-to-mysql.md,,Pipeline 12 — HubSpot → MySQL,Internal manual QA procedure or acceptance evidence,MantrixFlow engineering and operations,Verify during page review,See duplicate-content.csv,Verify during page review,Review,Review in context,Not workflow-bound,Internal engineering documentation,MOVE TO ADVANCED SECTION,408,123,0,0,0,0,0,0
internal_reference,article,md-docs/manual-testing/pipelines/saas/13-hubspot-to-mariadb.md,,Pipeline 13 — HubSpot → MariaDB,Internal manual QA procedure or acceptance evidence,MantrixFlow engineering and operations,Verify during page review,See duplicate-content.csv,Verify during page review,Review,Review in context,Not workflow-bound,Internal engineering documentation,MOVE TO ADVANCED SECTION,377,114,0,0,0,0,0,0
internal_reference,article,md-docs/manual-testing/pipelines/saas/14-hubspot-to-sqlite.md,,Pipeline 14 — HubSpot → SQLite,Internal manual QA procedure or acceptance evidence,MantrixFlow engineering and operations,Verify during page review,See duplicate-content.csv,Verify during page review,Review,Review in context,Not workflow-bound,Internal engineering documentation,MOVE TO ADVANCED SECTION,435,92,0,0,0,0,0,0
internal_reference,article,md-docs/manual-testing/pipelines/saas/15-hubspot-to-cockroachdb.md,,Pipeline 15 — HubSpot → CockroachDB,Internal manual QA procedure or acceptance evidence,MantrixFlow engineering and operations,Verify during page review,See duplicate-content.csv,Verify during page review,Review,Review in context,Not workflow-bound,Internal engineering documentation,MOVE TO ADVANCED SECTION,433,94,0,0,0,0,0,0
internal_reference,article,md-docs/manual-testing/pipelines/saas/16-github-to-postgres.md,,Pipeline 16 — GitHub → PostgreSQL,Internal manual QA procedure or acceptance evidence,MantrixFlow engineering and operations,Verify during page review,See duplicate-content.csv,Verify during page review,Review,Review in context,Not workflow-bound,Internal engineering documentation,MOVE TO ADVANCED SECTION,1038,342,0,0,0,0,0,0
internal_reference,article,md-docs/manual-testing/pipelines/saas/17-github-to-mysql.md,,Pipeline 17 — GitHub → MySQL,Internal manual QA procedure or acceptance evidence,MantrixFlow engineering and operations,Verify during page review,See duplicate-content.csv,Verify during page review,Review,Review in context,Not workflow-bound,Internal engineering documentation,MOVE TO ADVANCED SECTION,323,93,0,0,0,0,0,0
internal_reference,article,md-docs/manual-testing/pipelines/saas/18-github-to-mariadb.md,,Pipeline 18 — GitHub → MariaDB,Internal manual QA procedure or acceptance evidence,MantrixFlow engineering and operations,Verify during page review,See duplicate-content.csv,Verify during page review,Review,Review in context,Not workflow-bound,Internal engineering documentation,MOVE TO ADVANCED SECTION,296,84,0,0,0,0,0,0
internal_reference,article,md-docs/manual-testing/pipelines/saas/19-github-to-sqlite.md,,Pipeline 19 — GitHub → SQLite,Internal manual QA procedure or acceptance evidence,MantrixFlow engineering and operations,Verify during page review,See duplicate-content.csv,Verify during page review,Review,Review in context,Not workflow-bound,Internal engineering documentation,MOVE TO ADVANCED SECTION,353,81,0,0,0,0,0,0
internal_reference,article,md-docs/manual-testing/pipelines/saas/20-github-to-cockroachdb.md,,Pipeline 20 — GitHub → CockroachDB,Internal manual QA procedure or acceptance evidence,MantrixFlow engineering and operations,Verify during page review,See duplicate-content.csv,Verify during page review,Review,Review in context,Not workflow-bound,Internal engineering documentation,MOVE TO ADVANCED SECTION,352,82,0,0,0,0,0,0
internal_reference,article,md-docs/manual-testing/pipelines/saas/21-notion-to-postgres.md,,Pipeline 21 — Notion → PostgreSQL,Internal manual QA procedure or acceptance evidence,MantrixFlow engineering and operations,Verify during page review,See duplicate-content.csv,Verify during page review,Review,Review in context,Not workflow-bound,Internal engineering documentation,MOVE TO ADVANCED SECTION,511,136,0,0,0,0,0,0
internal_reference,article,md-docs/manual-testing/pipelines/saas/22-notion-to-mysql.md,,Pipeline 22 — Notion → MySQL,Internal manual QA procedure or acceptance evidence,MantrixFlow engineering and operations,Verify during page review,See duplicate-content.csv,Verify during page review,Review,Review in context,Not workflow-bound,Internal engineering documentation,MOVE TO ADVANCED SECTION,136,56,0,0,0,0,0,0
internal_reference,article,md-docs/manual-testing/pipelines/saas/23-notion-to-mariadb.md,,Pipeline 23 — Notion → MariaDB,Internal manual QA procedure or acceptance evidence,MantrixFlow engineering and operations,Verify during page review,See duplicate-content.csv,Verify during page review,Review,Review in context,Not workflow-bound,Internal engineering documentation,MOVE TO ADVANCED SECTION,106,47,0,0,0,0,0,0
internal_reference,article,md-docs/manual-testing/pipelines/saas/24-notion-to-sqlite.md,,Pipeline 24 — Notion → SQLite,Internal manual QA procedure or acceptance evidence,MantrixFlow engineering and operations,Verify during page review,See duplicate-content.csv,Verify during page review,Review,Review in context,Not workflow-bound,Internal engineering documentation,MOVE TO ADVANCED SECTION,142,44,0,0,0,0,0,0
internal_reference,article,md-docs/manual-testing/pipelines/saas/25-notion-to-cockroachdb.md,,Pipeline 25 — Notion → CockroachDB,Internal manual QA procedure or acceptance evidence,MantrixFlow engineering and operations,Verify during page review,See duplicate-content.csv,Verify during page review,Review,Review in context,Not workflow-bound,Internal engineering documentation,MOVE TO ADVANCED SECTION,146,46,0,0,0,0,0,0
internal_reference,article,md-docs/manual-testing/postgres-to-postgres-data-types-ui.md,,Live PostgreSQL to PostgreSQL Data-Type UI Test,Internal manual QA procedure or acceptance evidence,MantrixFlow engineering and operations,Verify during page review,See duplicate-content.csv,Verify during page review,Likely,Review in context,Not workflow-bound,Internal engineering documentation,MOVE TO ADVANCED SECTION,1721,510,0,0,0,0,0,8
internal_reference,article,md-docs/manual-testing/slack-pipeline-e2e.md,,Slack Pipeline E2E Manual Test,Internal manual QA procedure or acceptance evidence,MantrixFlow engineering and operations,Verify during page review,See duplicate-content.csv,Verify during page review,Review,Review in context,Not workflow-bound,Internal engineering documentation,MOVE TO ADVANCED SECTION,1108,408,0,0,0,0,0,0
internal_reference,article,md-docs/manual-testing/sources/cockroachdb.md,,CockroachDB Source — Manual Testing Guide,Internal manual QA procedure or acceptance evidence,MantrixFlow engineering and operations,Verify during page review,See duplicate-content.csv,Verify during page review,Review,Review in context,Not workflow-bound,Internal engineering documentation,MOVE TO ADVANCED SECTION,705,256,0,0,0,0,0,0
internal_reference,article,md-docs/manual-testing/sources/github.md,,GitHub Source — Manual Testing Guide,Internal manual QA procedure or acceptance evidence,MantrixFlow engineering and operations,Verify during page review,See duplicate-content.csv,Verify during page review,Review,Review in context,Not workflow-bound,Internal engineering documentation,MOVE TO ADVANCED SECTION,850,275,0,0,0,0,0,0
internal_reference,article,md-docs/manual-testing/sources/hubspot.md,,HubSpot Source — Manual Testing Guide,Internal manual QA procedure or acceptance evidence,MantrixFlow engineering and operations,Verify during page review,See duplicate-content.csv,Verify during page review,Review,Review in context,Not workflow-bound,Internal engineering documentation,MOVE TO ADVANCED SECTION,462,63,0,0,0,0,0,1
internal_reference,article,md-docs/manual-testing/sources/mariadb.md,,MariaDB Source — Manual Testing Guide,Internal manual QA procedure or acceptance evidence,MantrixFlow engineering and operations,Verify during page review,See duplicate-content.csv,Verify during page review,Review,Review in context,Not workflow-bound,Internal engineering documentation,MOVE TO ADVANCED SECTION,675,262,0,0,0,0,0,0
internal_reference,article,md-docs/manual-testing/sources/mysql.md,,MySQL Source — Manual Testing Guide,Internal manual QA procedure or acceptance evidence,MantrixFlow engineering and operations,Verify during page review,See duplicate-content.csv,Verify during page review,Review,Review in context,Not workflow-bound,Internal engineering documentation,MOVE TO ADVANCED SECTION,638,221,0,0,0,0,0,0
internal_reference,article,md-docs/manual-testing/sources/notion.md,,Notion Source — Manual Testing Guide,Internal manual QA procedure or acceptance evidence,MantrixFlow engineering and operations,Verify during page review,See duplicate-content.csv,Verify during page review,Review,Review in context,Not workflow-bound,Internal engineering documentation,MOVE TO ADVANCED SECTION,602,205,0,0,0,0,0,0
internal_reference,article,md-docs/manual-testing/sources/postgres.md,,PostgreSQL Source — Manual Testing Guide,Internal manual QA procedure or acceptance evidence,MantrixFlow engineering and operations,Verify during page review,See duplicate-content.csv,Verify during page review,Review,Review in context,Not workflow-bound,Internal engineering documentation,MOVE TO ADVANCED SECTION,824,294,0,0,0,0,0,0
internal_reference,article,md-docs/manual-testing/sources/shopify.md,,Shopify Source — Manual Testing Guide,Internal manual QA procedure or acceptance evidence,MantrixFlow engineering and operations,Verify during page review,See duplicate-content.csv,Verify during page review,Review,Review in context,Not workflow-bound,Internal engineering documentation,MOVE TO ADVANCED SECTION,774,221,0,0,0,0,0,0
internal_reference,article,md-docs/manual-testing/sources/sqlite.md,,SQLite Source — Manual Testing Guide,Internal manual QA procedure or acceptance evidence,MantrixFlow engineering and operations,Verify during page review,See duplicate-content.csv,Verify during page review,Review,Review in context,Not workflow-bound,Internal engineering documentation,MOVE TO ADVANCED SECTION,682,214,0,0,0,0,0,0
internal_reference,article,md-docs/manual-testing/sources/stripe.md,,Stripe Source — Manual Testing Guide,Internal manual QA procedure or acceptance evidence,MantrixFlow engineering and operations,Verify during page review,See duplicate-content.csv,Verify during page review,Likely,Review in context,Not workflow-bound,Internal engineering documentation,MOVE TO ADVANCED SECTION,1456,348,0,0,0,0,0,0
internal_reference,article,md-docs/manual-testing/ui-testing/README.md,,UI Testing — Pipeline Builder,Internal manual QA procedure or acceptance evidence,MantrixFlow engineering and operations,Verify during page review,See duplicate-content.csv,Verify during page review,Review,Review in context,Not workflow-bound,Internal engineering documentation,MOVE TO ADVANCED SECTION,867,112,0,0,0,0,0,0
internal_reference,article,md-docs/manual-testing/ui-testing/builder-walkthrough.md,,Structured Pipeline Workspace — UI Walkthrough,Internal manual QA procedure or acceptance evidence,MantrixFlow engineering and operations,Verify during page review,See duplicate-content.csv,Verify during page review,Review,Review in context,Not workflow-bound,Internal engineering documentation,MOVE TO ADVANCED SECTION,460,74,0,0,0,0,0,0
internal_reference,article,md-docs/manual-testing/ui-testing/db/cockroachdb-ui.md,,CockroachDB Source — UI Testing (3 Streams × 5 Destinations),Internal manual QA procedure or acceptance evidence,MantrixFlow engineering and operations,Verify during page review,See duplicate-content.csv,Verify during page review,Review,Review in context,Not workflow-bound,Internal engineering documentation,MOVE TO ADVANCED SECTION,971,224,0,0,0,0,0,1
internal_reference,article,md-docs/manual-testing/ui-testing/db/mariadb-ui.md,,MariaDB Source — UI Testing (3 Streams × 5 Destinations),Internal manual QA procedure or acceptance evidence,MantrixFlow engineering and operations,Verify during page review,See duplicate-content.csv,Verify during page review,Review,Review in context,Not workflow-bound,Internal engineering documentation,MOVE TO ADVANCED SECTION,816,183,0,0,0,0,0,0
internal_reference,article,md-docs/manual-testing/ui-testing/db/mysql-ui.md,,MySQL Source — UI Testing (3 Streams × 5 Destinations),Internal manual QA procedure or acceptance evidence,MantrixFlow engineering and operations,Verify during page review,See duplicate-content.csv,Verify during page review,Review,Review in context,Not workflow-bound,Internal engineering documentation,MOVE TO ADVANCED SECTION,849,197,0,0,0,0,0,0
internal_reference,article,md-docs/manual-testing/ui-testing/db/postgres-ui.md,,PostgreSQL Source — UI Testing (3 Streams × 5 Destinations),Internal manual QA procedure or acceptance evidence,MantrixFlow engineering and operations,Verify during page review,See duplicate-content.csv,Verify during page review,Review,Review in context,Not workflow-bound,Internal engineering documentation,MOVE TO ADVANCED SECTION,984,226,0,0,0,0,0,0
internal_reference,article,md-docs/manual-testing/ui-testing/db/sqlite-ui.md,,SQLite Source — UI Testing (3 Streams × 5 Destinations),Internal manual QA procedure or acceptance evidence,MantrixFlow engineering and operations,Verify during page review,See duplicate-content.csv,Verify during page review,Review,Review in context,Not workflow-bound,Internal engineering documentation,MOVE TO ADVANCED SECTION,874,192,0,0,0,0,0,0
internal_reference,article,md-docs/manual-testing/ui-testing/saas/github-ui.md,,GitHub Source — UI Testing (All 12 Streams × 5 Destinations),Internal manual QA procedure or acceptance evidence,MantrixFlow engineering and operations,Verify during page review,See duplicate-content.csv,Verify during page review,Review,Review in context,Not workflow-bound,Internal engineering documentation,MOVE TO ADVANCED SECTION,1103,290,0,0,0,0,0,0
internal_reference,article,md-docs/manual-testing/ui-testing/saas/hubspot-ui.md,,HubSpot UI — Production Acceptance Guide,Internal manual QA procedure or acceptance evidence,MantrixFlow engineering and operations,Verify during page review,See duplicate-content.csv,Verify during page review,Review,Review in context,Not workflow-bound,Internal engineering documentation,MOVE TO ADVANCED SECTION,245,29,0,0,0,0,0,1
internal_reference,article,md-docs/manual-testing/ui-testing/saas/notion-ui.md,,Notion Source — UI Testing (All 3 Streams × 5 Destinations),Internal manual QA procedure or acceptance evidence,MantrixFlow engineering and operations,Verify during page review,See duplicate-content.csv,Verify during page review,Review,Review in context,Not workflow-bound,Internal engineering documentation,MOVE TO ADVANCED SECTION,905,205,0,0,0,0,0,0
internal_reference,article,md-docs/manual-testing/ui-testing/saas/shopify-ui.md,,Shopify Source — UI Testing (All 14 Streams × 5 Destinations),Internal manual QA procedure or acceptance evidence,MantrixFlow engineering and operations,Verify during page review,See duplicate-content.csv,Verify during page review,Likely,Review in context,Not workflow-bound,Internal engineering documentation,MOVE TO ADVANCED SECTION,1279,358,0,0,0,0,0,0
internal_reference,article,md-docs/manual-testing/ui-testing/saas/stripe-ui.md,,Stripe Source — UI Testing (All 19 Streams × 5 Destinations),Internal manual QA procedure or acceptance evidence,MantrixFlow engineering and operations,Verify during page review,See duplicate-content.csv,Verify during page review,Likely,Review in context,Not workflow-bound,Internal engineering documentation,MOVE TO ADVANCED SECTION,2184,574,0,0,0,0,0,0
internal_reference,article,md-docs/observability-deployment.md,,Observability deployment (AWS + Vercel),Internal setup or operations guidance,MantrixFlow engineering and operations,Verify during page review,See duplicate-content.csv,Verify during page review,Review,Review in context,Not workflow-bound,Internal engineering documentation,MOVE TO ADVANCED SECTION,933,214,0,0,0,0,0,1
internal_reference,article,md-docs/oria-adk-to-ai-sdk-migration.md,,ADK → Vercel AI SDK migration,Technical guidance: ADK → Vercel AI SDK migration,Technical product users and administrators,Verify during page review,See duplicate-content.csv,Verify during page review,Review,Review in context,Not workflow-bound,Internal engineering documentation,KEEP AND IMPROVE,574,104,0,0,0,0,0,1
internal_reference,article,md-docs/oria-agent-setup.md,,Oria agent runtime setup,Internal setup or operations guidance,MantrixFlow engineering and operations,Verify during page review,See duplicate-content.csv,Verify during page review,Review,Review in context,Not workflow-bound,Internal engineering documentation,MOVE TO ADVANCED SECTION,432,126,0,0,0,0,0,0
internal_reference,article,md-docs/oria-agent-testing-guide.md,,Oria agent testing guide,Technical guidance: Oria agent testing guide,Technical product users and administrators,Verify during page review,See duplicate-content.csv,Verify during page review,Review,Review in context,Not workflow-bound,Internal engineering documentation,KEEP AND IMPROVE,606,93,0,0,0,0,0,1
internal_reference,article,md-docs/oria-browser-ui-test-log.md,,Untitled article,Technical guidance: Untitled article,Technical product users and administrators,Verify during page review,See duplicate-content.csv,Verify during page review,Review,Review in context,Not workflow-bound,Internal engineering documentation,KEEP AND IMPROVE,1094,89,0,0,0,0,0,0
internal_reference,article,md-docs/oria-test-prompts-release1-read.md,,Oria Release 1 — Read specialist test prompts,Implementation plan or engineering reference,Technical product users and administrators,Verify during page review,See duplicate-content.csv,Verify during page review,Likely,Review in context,Not workflow-bound,Internal engineering documentation,KEEP AND IMPROVE,17012,920,0,0,0,0,0,5
internal_reference,article,md-docs/oria-test-prompts-release2-action.md,,Oria Release 2 ACTION test prompts,Implementation plan or engineering reference,Technical product users and administrators,Verify during page review,See duplicate-content.csv,Verify during page review,Likely,Review in context,Not workflow-bound,Internal engineering documentation,KEEP AND IMPROVE,28023,939,0,0,0,0,0,6
internal_reference,article,md-docs/oria-test-prompts-release3-automation.md,,Oria Release 3 automation test prompts,Implementation plan or engineering reference,Technical product users and administrators,Verify during page review,See duplicate-content.csv,Verify during page review,Likely,Review in context,Not workflow-bound,Internal engineering documentation,KEEP AND IMPROVE,15992,904,0,0,0,0,0,56
internal_reference,article,md-docs/oria-test-prompts-release4-intelligence.md,,Oria Release 4 intelligence test prompts,Implementation plan or engineering reference,Technical product users and administrators,Verify during page review,See duplicate-content.csv,Verify during page review,Likely,Review in context,Not workflow-bound,Internal engineering documentation,KEEP AND IMPROVE,33117,904,0,0,0,0,0,57
internal_reference,article,md-docs/oria-test-prompts-release5-enterprise.md,,Oria Release 5 enterprise test prompts,Implementation plan or engineering reference,Technical product users and administrators,Verify during page review,See duplicate-content.csv,Verify during page review,Likely,Review in context,Not workflow-bound,Internal engineering documentation,KEEP AND IMPROVE,17525,904,0,0,0,0,0,42
internal_reference,article,md-docs/oria-test-prompts-release6-platform.md,,Oria Release 6 platform specialist test prompts,Implementation plan or engineering reference,Technical product users and administrators,Verify during page review,See duplicate-content.csv,Verify during page review,Likely,Review in context,Not workflow-bound,Internal engineering documentation,KEEP AND IMPROVE,19288,895,0,0,0,0,0,55
internal_reference,article,md-docs/pipeline-all-streams-chrome-e2e-report-2026-07-19.md,,Pipeline All-Streams Chrome E2E Report — 2026-07-19,Technical guidance: Pipeline All-Streams Chrome E2E Report — 2026-07-19,Technical product users and administrators,Verify during page review,See duplicate-content.csv,Verify during page review,Likely,Review in context,Not workflow-bound,Internal engineering documentation,ARCHIVE,3977,311,0,0,0,1,0,5
internal_reference,article,md-docs/pipeline-new-layout-e2e-report-2026-07-18.md,,Pipeline New-Layout End-to-End Test Report — 2026-07-18,Technical guidance: Pipeline New-Layout End-to-End Test Report — 2026-07-18,Technical product users and administrators,Verify during page review,See duplicate-content.csv,Verify during page review,Likely,Review in context,Not workflow-bound,Internal engineering documentation,ARCHIVE,2990,225,0,0,0,0,0,2
internal_reference,article,md-docs/playwright-complete-workflow-e2e-summary.md,,Playwright complete workflow E2E summary,Technical guidance: Playwright complete workflow E2E summary,Technical product users and administrators,Verify during page review,See duplicate-content.csv,Verify during page review,Likely,Review in context,Not workflow-bound,Internal engineering documentation,ARCHIVE,1269,82,0,0,0,0,0,24
internal_reference,article,md-docs/posthog-betterstack-setup.md,,Moved — use three separate guides,Internal setup or operations guidance,MantrixFlow engineering and operations,Verify during page review,See duplicate-content.csv,Verify during page review,Review,Review in context,Not workflow-bound,Internal engineering documentation,MOVE TO ADVANCED SECTION,27,6,0,0,0,0,0,0
internal_reference,article,md-docs/posthog-full-integration.md,,PostHog + Better Stack full integration (MantrixFlow),Technical guidance: PostHog + Better Stack full integration (MantrixFlow),Technical product users and administrators,Verify during page review,See duplicate-content.csv,Verify during page review,Review,Review in context,Not workflow-bound,Internal engineering documentation,MOVE TO ADVANCED SECTION,841,188,0,0,0,0,0,0
internal_reference,article,md-docs/posthog-setup.md,,PostHog setup (MantrixFlow — US cloud),Internal setup or operations guidance,MantrixFlow engineering and operations,Verify during page review,See duplicate-content.csv,Verify during page review,Likely,Review in context,Not workflow-bound,Internal engineering documentation,MOVE TO ADVANCED SECTION,2400,403,0,0,0,0,0,2
internal_reference,article,md-docs/saas-sources-group2.md,,Group 2 — SaaS Sources: Detailed Implementation Guide,Technical guidance: Group 2 — SaaS Sources: Detailed Implementation Guide,Technical product users and administrators,Verify during page review,See duplicate-content.csv,Verify during page review,Likely,Review in context,Not workflow-bound,Internal engineering documentation,KEEP AND IMPROVE,5696,1590,0,0,0,0,0,3
internal_reference,article,md-docs/salesforce-postgres-setup.md,,Salesforce to PostgreSQL Setup Guide,Internal setup or operations guidance,MantrixFlow engineering and operations,Verify during page review,See duplicate-content.csv,Verify during page review,Review,Review in context,Not workflow-bound,Internal engineering documentation,MOVE TO ADVANCED SECTION,1048,326,0,0,0,0,0,0
internal_reference,article,md-docs/salesforce-postgres-testing-guide.md,,Salesforce to PostgreSQL Testing Guide,Technical guidance: Salesforce to PostgreSQL Testing Guide,Technical product users and administrators,Unverified,See duplicate-content.csv,Possible,Review,Review in context,Not workflow-bound,Internal engineering documentation,REQUIRES PRODUCT CONFIRMATION,1119,356,0,0,0,0,0,1
internal_reference,article,md-docs/slack-guide.md,,MantrixFlow Slack App Guide,Technical guidance: MantrixFlow Slack App Guide,Technical product users and administrators,Unverified,See duplicate-content.csv,Possible,Likely,Review in context,Not workflow-bound,Internal engineering documentation,REQUIRES PRODUCT CONFIRMATION,3226,801,0,0,0,0,0,2
internal_reference,article,md-docs/source-to-destination-elt-flow.md,,MANTrixFlow Source-to-Destination ELT Flow,Technical guidance: MANTrixFlow Source-to-Destination ELT Flow,Technical product users and administrators,Verify during page review,See duplicate-content.csv,Verify during page review,Likely,Review in context,Not workflow-bound,Internal engineering documentation,KEEP AND IMPROVE,1257,395,0,0,0,0,0,2
internal_reference,article,md-docs/strict-elt-pipeline-guide.md,,MANTrixFlow — Strict ELT Pipeline Guide,Technical guidance: MANTrixFlow — Strict ELT Pipeline Guide,Technical product users and administrators,Verify during page review,See duplicate-content.csv,Verify during page review,Review,Review in context,Not workflow-bound,Internal engineering documentation,KEEP AND IMPROVE,1149,189,0,0,0,0,0,3
internal_reference,article,md-docs/stripe-connector-ai-prompts.md,,MantrixFlow Stripe Source Connector AI Prompts,Implementation plan or engineering reference,Technical product users and administrators,Verify during page review,See duplicate-content.csv,Verify during page review,Likely,Review in context,Not workflow-bound,Internal engineering documentation,ARCHIVE,2305,426,0,0,0,0,0,1
internal_reference,article,md-docs/summrayagent.md,,Agent Platform And Ask AI Summary,Technical guidance: Agent Platform And Ask AI Summary,Technical product users and administrators,Verify during page review,See duplicate-content.csv,Verify during page review,Review,Review in context,Not workflow-bound,Internal engineering documentation,KEEP AND IMPROVE,657,52,0,0,0,0,0,1
internal_reference,article,md-docs/supabase-auth-email-templates.md,,Supabase Auth Email Templates,Internal setup or operations guidance,Technical product users and administrators,Verify during page review,See duplicate-content.csv,Verify during page review,Likely,Review in context,Not workflow-bound,Internal engineering documentation,MOVE TO ADVANCED SECTION,1213,281,0,0,0,0,0,0
internal_reference,article,md-docs/testcase.md,,Pipeline E2E & Unit Tests — 50 Source × Destination Pipelines (All Streams),Technical guidance: Pipeline E2E & Unit Tests — 50 Source × Destination Pipelines (All Streams),Technical product users and administrators,Verify during page review,See duplicate-content.csv,Verify during page review,Likely,Review in context,Not workflow-bound,Internal engineering documentation,ARCHIVE,2676,417,0,0,0,0,0,0
internal_reference,article,md-docs/testing-local.md,,Local Manual Testing Guide,Technical guidance: Local Manual Testing Guide,Technical product users and administrators,Verify during page review,See duplicate-content.csv,Verify during page review,Likely,Review in context,Not workflow-bound,Internal engineering documentation,ARCHIVE,3487,979,0,0,0,0,0,1
internal_reference,article,md-docs/tigris-storage-setup.md,,Tigris Storage Setup Guide,Internal setup or operations guidance,MantrixFlow engineering and operations,Verify during page review,See duplicate-content.csv,Verify during page review,Review,Review in context,Not workflow-bound,Internal engineering documentation,MOVE TO ADVANCED SECTION,340,75,0,0,0,0,0,0
internal_reference,article,md-docs/zendesk-oauth-setup.md,,Zendesk Support OAuth setup,Internal setup or operations guidance,MantrixFlow engineering and operations,Verify during page review,See duplicate-content.csv,Verify during page review,Review,Review in context,Not workflow-bound,Internal engineering documentation,MOVE TO ADVANCED SECTION,661,110,0,0,0,0,0,2
